CREATE DATABASE  IF NOT EXISTS `caltrain` /*!40100 DEFAULT CHARACTER SET utf8mb4 COLLATE utf8mb4_0900_ai_ci */ /*!80016 DEFAULT ENCRYPTION='N' */;
USE `caltrain`;
-- MySQL dump 10.13  Distrib 8.0.21, for Win64 (x86_64)
--
-- Host: 127.0.0.1    Database: caltrain
-- ------------------------------------------------------
-- Server version	8.0.21

/*!40101 SET @OLD_CHARACTER_SET_CLIENT=@@CHARACTER_SET_CLIENT */;
/*!40101 SET @OLD_CHARACTER_SET_RESULTS=@@CHARACTER_SET_RESULTS */;
/*!40101 SET @OLD_COLLATION_CONNECTION=@@COLLATION_CONNECTION */;
/*!50503 SET NAMES utf8 */;
/*!40103 SET @OLD_TIME_ZONE=@@TIME_ZONE */;
/*!40103 SET TIME_ZONE='+00:00' */;
/*!40014 SET @OLD_UNIQUE_CHECKS=@@UNIQUE_CHECKS, UNIQUE_CHECKS=0 */;
/*!40014 SET @OLD_FOREIGN_KEY_CHECKS=@@FOREIGN_KEY_CHECKS, FOREIGN_KEY_CHECKS=0 */;
/*!40101 SET @OLD_SQL_MODE=@@SQL_MODE, SQL_MODE='NO_AUTO_VALUE_ON_ZERO' */;
/*!40111 SET @OLD_SQL_NOTES=@@SQL_NOTES, SQL_NOTES=0 */;

--
-- Table structure for table `employee`
--

DROP TABLE IF EXISTS `employee`;
/*!40101 SET @saved_cs_client     = @@character_set_client */;
/*!50503 SET character_set_client = utf8mb4 */;
CREATE TABLE `employee` (
  `employee_id` int NOT NULL,
  `employee_first` varchar(45) DEFAULT NULL,
  `employee_last` varchar(45) DEFAULT NULL,
  `phone_number` varchar(45) DEFAULT NULL,
  `address` varchar(45) DEFAULT NULL,
  `city` varchar(45) DEFAULT NULL,
  `zip` int DEFAULT NULL,
  `state` varchar(3) DEFAULT NULL,
  `train_num` int DEFAULT NULL,
  PRIMARY KEY (`employee_id`),
  KEY `train_num_idx` (`train_num`),
  CONSTRAINT `train_num` FOREIGN KEY (`train_num`) REFERENCES `train` (`train_num`) ON DELETE RESTRICT ON UPDATE RESTRICT
) ENGINE=InnoDB DEFAULT CHARSET=utf8mb4 COLLATE=utf8mb4_0900_ai_ci;
/*!40101 SET character_set_client = @saved_cs_client */;

--
-- Dumping data for table `employee`
--

LOCK TABLES `employee` WRITE;
/*!40000 ALTER TABLE `employee` DISABLE KEYS */;
INSERT INTO `employee` VALUES (5243944,'Rylee','Rose','1-990-809-8262','812-3964 Nunc Rd.','Joliet',61714,'IL',282),(5339481,'Sigourney','Cruz','1-914-271-3756','4204 Eget Av.','Spokane',22527,'WA',274),(5399026,'Stuart','Nelson','1-681-547-8382','2656 Neque Street','Georgia',89757,'GA',264),(5513039,'Kareem','Carroll','1-639-495-4458','P.O. Box 186, 6952 Consectetuer Av.','Jefferson City',63636,'MO',138),(5657182,'Matthew','Duffy','1-164-743-9373','7505 Dolor, Road','Philadelphia',18097,'PA',150),(6612239,'Wyoming','Camacho','1-995-356-0439','Ap #445-3779 Semper St.','Wyoming',86025,'WY',191),(6821401,'Sydney','Jackson','1-647-313-0876','Ap #485-5621 Sed Avenue','Flint',84368,'MI',101),(7141302,'Darrel','Lawrence','1-155-517-1799','5395 Nunc Rd.','San Francisco',90216,'CA',192),(7284659,'Joan','Bowers','1-372-178-8775','956-9772 Accumsan Rd.','Jacksonville',74043,'FL',262),(7309095,'Hamilton','Hughes','1-757-984-5352','2494 Enim Road','Baton Rouge',13065,'LA',140),(7470600,'Adara','Herman','1-807-102-1443','846-898 Elit. Avenue','Aurora',42576,'CO',143),(7611043,'Kylee','Nash','1-607-997-4505','Ap #778-277 Suspendisse Street','Evansville',10609,'IN',147),(7679304,'Kelsie','Tyson','1-876-198-8080','4659 Luctus. St.','Chandler',86414,'AZ',114),(7710262,'Silas','Middleton','1-224-309-4507','905-7807 Ultricies Ave','New Haven',18866,'CT',273),(7775734,'Tatyana','Vincent','1-488-438-2759','147-2541 Sodales St.','Miami',19598,'FL',199),(7838463,'Lars','Roberson','1-261-542-0440','Ap #489-1816 Eros. Rd.','St. Petersburg',12604,'FL',189),(7929073,'Georgia','Powers','1-427-966-7895','684-554 Fusce Rd.','Boston',78034,'MA',102),(7944060,'Louis','Calderon','1-708-515-5272','Ap #952-7382 Tellus St.','Billings',33599,'MT',193),(8003390,'Ocean','Pickett','1-581-705-7778','9771 Non Rd.','Grand Rapids',89532,'MI',272),(8111026,'Matthew','Larson','1-378-932-9498','P.O. Box 672, 4700 Senectus Rd.','Meridian',89956,'ID',193),(8172044,'Blythe','Herring','1-755-893-1428','P.O. Box 460, 2550 Id, St.','Toledo',31917,'OH',263),(8193205,'Quentin','Russell','1-243-312-9165','Ap #301-6223 Elit, St.','Wilmington',97302,'DE',218),(8348900,'Yolanda','Herring','1-185-145-5564','300-8759 Pretium Av.','Lawton',92475,'OK',170),(8355269,'Levi','Ford','1-539-669-4822','7153 Interdum St.','Lawton',81161,'OK',261),(8569529,'Griffith','Odonnell','1-247-748-6992','Ap #345-663 Ac, Av.','Overland Park',74351,'KS',147),(8587773,'Kimberly','Finch','1-279-545-6161','9772 Euismod Road','Springfield',49941,'MO',263),(8665633,'Yetta','Oconnor','1-549-197-4158','9639 Et St.','Overland Park',76842,'KS',144),(8695942,'Aladdin','Henson','1-195-148-9373','Ap #221-4542 Egestas Street','Minneapolis',40530,'MN',237),(8756084,'Maisie','Mccray','1-849-731-0575','P.O. Box 214, 644 Nullam Rd.','Pike Creek',30047,'DE',170),(9208947,'Kennan','Cox','1-755-517-3441','P.O. Box 341, 2365 Arcu. Road','Hillsboro',82128,'OR',170),(9259894,'Rhoda','Holcomb','1-133-899-1127','P.O. Box 922, 7777 Praesent Road','Aurora',68807,'CO',226),(9434087,'James','Lowery','1-708-386-6324','Ap #575-4522 Metus. Avenue','Sterling Heights',83824,'MI',272),(9519893,'Fiona','Cleveland','1-546-620-2649','6132 Lacus. Street','Lawton',84199,'OK',197),(9538694,'Pascale','Mcdonald','1-877-751-9466','689-6777 Ad Ave','Miami',96051,'FL',113),(9653479,'Kasimir','Woodward','1-223-860-8677','P.O. Box 236, 9090 Enim. Ave','South Burlington',38432,'VT',148),(10082185,'Daria','Willis','1-146-864-0738','6034 Duis St.','Eugene',53534,'OR',192),(10240087,'Gay','Joyner','1-813-281-6611','P.O. Box 651, 5000 Aliquam Avenue','Indianapolis',50447,'IN',138),(10394768,'Merrill','Bowman','1-402-866-7325','3067 Enim St.','Springdale',71161,'AR',140),(10616279,'Jasper','Gilliam','1-295-254-7223','161 Id Street','Bellevue',87146,'WA',143),(10853633,'Abdul','Jacobs','1-831-816-1912','417-9468 Et Rd.','Kapolei',27843,'HI',261),(10919884,'Jonah','Lopez','1-523-609-0865','928 Pellentesque Rd.','Austin',85373,'TX',199),(10970641,'Quemby','Davidson','1-255-187-5336','9983 Lacus. St.','Vancouver',50286,'WA',208),(11179442,'Stewart','Jordan','1-586-450-3750','Ap #817-6857 Sociis Rd.','Rochester',44232,'MN',235),(11240538,'Berk','Thornton','1-645-953-4158','Ap #293-2548 Imperdiet Ave','Des Moines',96176,'IA',138),(11471199,'Ezekiel','Vinson','1-504-101-0236','Ap #638-7186 Aptent Rd.','Augusta',77249,'GA',140),(11479028,'Sasha','Dejesus','1-845-936-1923','Ap #925-4177 Aliquam Rd.','Birmingham',36773,'AL',217),(11769724,'Todd','Faulkner','1-600-301-4981','7070 Quisque St.','Springfield',49332,'IL',205),(11904418,'Axel','Elliott','1-594-595-3219','P.O. Box 819, 6882 Curabitur Rd.','Aurora',31065,'IL',144),(12050275,'George','Young','1-529-482-0890','Ap #105-9636 Ac, Road','Reading',19171,'PA',195),(12305656,'Tana','Slater','1-748-128-9913','3650 Cum St.','Owensboro',41647,'KY',206),(12324735,'Xavier','Velasquez','1-519-427-3816','332-1129 Enim St.','North Las Vegas',91039,'NV',199),(12534318,'Anne','Cole','1-337-802-9120','Ap #617-4739 Nulla Rd.','Fayetteville',71840,'AR',226),(12609017,'Alea','Camacho','1-819-493-7427','593-9752 Nisi St.','Georgia',54408,'GA',102),(12678793,'Benedict','Boyle','1-412-278-2984','340-7605 Tempus Rd.','Tuscaloosa',36055,'AL',217),(13054020,'Chelsea','Carroll','1-885-436-2964','966 Amet St.','Hilo',35843,'HI',208),(13141730,'Kimberly','Adams','1-632-474-3312','8914 Ac Avenue','Tampa',70785,'FL',216),(13218719,'Shana','Wheeler','1-970-410-8315','585-9254 Ligula. Rd.','Austin',98217,'TX',140),(13517457,'Graham','Kelly','1-697-815-6954','Ap #384-2715 Ut Rd.','Lowell',32220,'MA',264),(13802781,'Aiko','Pate','1-147-867-2314','534-6574 Consectetuer Rd.','Stamford',92927,'CT',262),(14196486,'Galvin','Eaton','1-630-252-2541','5225 Mi Road','Baltimore',76048,'MD',193),(14227513,'Addison','Avila','1-221-724-8641','Ap #855-3662 Ut Rd.','Tucson',85539,'AZ',271),(14388115,'Carlos','Sexton','1-820-254-7552','P.O. Box 673, 197 Enim. St.','Lewiston',59667,'ME',103),(14587452,'Adam','Hahn','1-785-383-0360','P.O. Box 666, 558 Iaculis Road','Tulsa',11085,'OK',148),(14609157,'Tatyana','Hansen','1-156-839-7749','Ap #781-9317 Lectus Rd.','Butte',78136,'MT',228),(14663476,'Irene','Bates','1-732-834-2685','1603 Libero. Av.','Casper',13338,'WY',272),(14784655,'Nissim','Pacheco','1-127-290-5195','4055 At Ave','Norfolk',92987,'VA',218),(15009768,'Jocelyn','Green','1-413-417-4169','Ap #948-273 Vivamus St.','Reading',51234,'PA',103),(15194490,'Dean','Dean','1-371-147-0210','Ap #785-5675 Donec St.','Biloxi',69687,'MS',193),(15723188,'Keith','Stark','1-467-215-5640','9178 Nullam Road','Akron',29603,'OH',139),(15816841,'Kiona','Carney','1-760-968-0334','Ap #465-3270 Sed Street','Provo',14729,'UT',271),(15870165,'Quentin','Navarro','1-247-341-2926','836-3539 Odio St.','Mesa',85977,'AZ',145),(15888340,'Nora','Wiley','1-367-648-4111','772-9140 Feugiat St.','Milwaukee',79234,'WI',273),(16088782,'Cody','Hamilton','1-909-152-6287','P.O. Box 430, 8697 A Street','Toledo',84829,'OH',226),(16098342,'Melodie','Pitts','1-328-473-5396','6649 Phasellus Avenue','Kaneohe',83447,'HI',199),(16237423,'Whoopi','Puckett','1-816-467-9787','538-674 Sem Rd.','San Jose',93756,'CA',264),(16429588,'Abra','English','1-249-382-1600','7477 Nunc. St.','Cleveland',31957,'OH',155),(16672957,'Ignatius','Ross','1-901-312-9186','Ap #549-5855 Phasellus Rd.','Oklahoma City',16062,'OK',179),(16849366,'Jeremy','Sargent','1-351-383-4391','P.O. Box 755, 2712 In, Road','Bellevue',82405,'NE',190),(16979879,'Jamal','Knox','1-405-256-3821','Ap #707-504 Sit St.','Seattle',74511,'WA',192),(17103556,'Callum','Campos','1-871-201-4492','Ap #245-2973 Eget Rd.','Memphis',43922,'TN',228),(17408099,'Christian','Kirkland','1-808-647-2137','P.O. Box 528, 5618 Posuere Road','Joliet',54887,'IL',273),(17660838,'Micah','Fields','1-947-302-7634','Ap #597-6235 Ullamcorper, Road','Tucson',86513,'AZ',271),(17990953,'Anika','Adams','1-209-928-1033','P.O. Box 861, 6819 Nunc, Rd.','Austin',69816,'TX',101),(18160750,'Dillon','Little','1-615-310-7489','P.O. Box 395, 6377 Lectus Rd.','Birmingham',36905,'AL',103),(18427629,'Yuri','Moran','1-984-961-5744','9181 Velit Rd.','Annapolis',95873,'MD',134),(18451477,'Chelsea','Bass','1-334-198-1421','P.O. Box 159, 4940 Erat. Road','Cambridge',67455,'MA',189),(18766880,'Alika','Lester','1-216-597-1272','344-3174 Fusce Ave','Springfield',23681,'IL',228),(18875597,'Tarik','Wiley','1-155-352-2378','3731 Ut Street','Saint Paul',96046,'MN',252),(18914341,'Uta','Monroe','1-155-344-2710','Ap #676-5062 Sit St.','Phoenix',86936,'AZ',190),(18986510,'Lacey','Kerr','1-688-400-6362','435-3282 Scelerisque Street','Baton Rouge',43089,'LA',143),(19465613,'Colt','Ryan','1-359-727-5967','8897 Eu Avenue','Georgia',30537,'GA',236),(19560285,'Emerald','Obrien','1-567-386-3886','Ap #908-1071 Dapibus Ave','St. Petersburg',11191,'FL',113),(19569619,'Quynn','Ingram','1-376-290-8153','Ap #803-2662 Nec Street','Worcester',19683,'MA',180),(19686982,'Candace','Terry','1-769-340-6653','Ap #828-2335 Blandit Street','Vancouver',86977,'WA',139),(19697640,'Erica','Roman','1-763-847-7209','P.O. Box 212, 1250 Nunc Road','Columbus',10308,'OH',142),(19698581,'Palmer','Salas','1-215-128-0779','5374 Sit Road','Little Rock',71601,'AR',102),(19730172,'Mufutau','Sweet','1-339-767-5287','5211 Vestibulum Road','Gaithersburg',92339,'MD',264),(20200674,'Cedric','Collier','1-185-738-7212','515-6930 Nunc St.','Oklahoma City',93303,'OK',236),(20277474,'Lyle','Cline','1-719-536-1616','Ap #541-567 Egestas. St.','Davenport',77262,'IA',284),(20330542,'Amir','Bennett','1-794-834-7267','529-3448 Non Rd.','Wyoming',65463,'WY',102),(20419198,'Baker','Walker','1-890-271-8795','P.O. Box 631, 1763 Gravida Rd.','Racine',76632,'WI',195),(20495230,'Gisela','Hoffman','1-536-923-3360','5696 Est Avenue','Honolulu',25705,'HI',141),(20637107,'Cassady','Aguilar','1-112-484-5328','Ap #240-7628 Faucibus. Rd.','Milwaukee',10394,'WI',179),(20891095,'Karyn','Allen','1-570-872-8336','8726 Consectetuer Road','Boise',52143,'ID',207),(20928671,'Allen','Nielsen','1-972-608-4990','Ap #900-4447 Phasellus Av.','Boston',47688,'MA',190),(21474639,'Eaton','Francis','1-274-412-3887','150-7494 Porttitor Av.','Hattiesburg',56380,'MS',218),(21604600,'Lila','House','1-649-386-4110','147 Facilisis Avenue','Jackson',74589,'MS',138),(21607171,'Aristotle','Davis','1-593-673-6659','326-3676 Odio Av.','Tampa',45726,'FL',274),(21665304,'Fletcher','Luna','1-599-858-7227','5092 Ut Rd.','Honolulu',63179,'HI',207),(21890183,'Grant','Watts','1-185-521-1000','P.O. Box 186, 8822 Mollis St.','Rock Springs',46833,'WY',205),(22397223,'Barclay','Rich','1-657-200-4111','184-8432 Nunc Avenue','Southaven',72787,'MS',225),(22951342,'Laith','Riggs','1-155-229-5804','Ap #142-3667 Nunc. St.','Evansville',30707,'IN',144),(23064882,'Wynter','Campbell','1-932-132-6477','387 Nibh. Road','Minneapolis',58887,'MN',145),(23163461,'Rana','Trujillo','1-598-259-6138','Ap #317-375 Neque Rd.','Little Rock',72961,'AR',193),(23430973,'Chancellor','Clements','1-279-390-6504','4841 Donec Avenue','Carson City',18491,'NV',225),(23431811,'Remedios','Howard','1-437-905-7016','3332 Sit Street','Clarksville',78904,'TN',123),(23497149,'Merrill','Levy','1-651-973-6207','P.O. Box 393, 1054 Non Road','Des Moines',33430,'IA',206),(23537142,'Camille','Moss','1-530-204-6100','Ap #417-8176 Eget St.','Memphis',42179,'TN',235),(23716924,'Bert','Glass','1-506-273-8027','1976 Fusce Rd.','Gulfport',11676,'MS',198),(23850339,'Jolie','Daniel','1-390-111-6584','P.O. Box 513, 1164 Montes, St.','Pittsburgh',82451,'PA',194),(23982855,'Jaime','Graves','1-282-707-9933','P.O. Box 137, 2348 Egestas Ave','College',99628,'AK',283),(24102464,'Sharon','Brooks','1-388-205-8348','Ap #164-1804 Cras Rd.','Kansas City',56555,'KS',193),(24189403,'Richard','Farmer','1-804-151-4753','P.O. Box 721, 487 Non, St.','West Valley City',71669,'UT',217),(24246576,'Darius','Carrillo','1-977-888-1727','Ap #837-956 Nisi. St.','Savannah',32110,'GA',282),(24376004,'Cynthia','Whitley','1-420-218-3764','P.O. Box 427, 5731 Nostra, Rd.','Bozeman',70253,'MT',170),(24447275,'Haviva','Frye','1-598-991-5395','P.O. Box 821, 4505 Nullam Ave','Broken Arrow',66158,'OK',180),(24635166,'Medge','Hood','1-199-257-9138','1752 Sem Ave','Chicago',66597,'IL',208),(24838790,'Seth','Levine','1-439-427-9402','P.O. Box 718, 113 Pellentesque St.','Gaithersburg',61046,'MD',169),(24938505,'Clark','Roman','1-113-448-1157','Ap #456-1789 Feugiat. Ave','Carson City',58306,'NV',148),(25132993,'Perry','Alford','1-363-939-4297','Ap #189-686 Eu Avenue','Fairbanks',99550,'AK',138),(25265517,'Mariko','Rodriquez','1-955-283-7703','P.O. Box 840, 7251 Pretium Rd.','Augusta',36776,'ME',197),(25279485,'Faith','Hammond','1-436-964-4209','Ap #702-3706 Luctus Road','Salem',95035,'OR',252),(25303562,'Ashton','Hampton','1-324-926-6111','2709 Adipiscing Street','San Diego',93168,'CA',264),(25472303,'Allistair','Reeves','1-942-620-8970','948-1327 Nec, Road','Colchester',37698,'VT',262),(25568189,'Daryl','Austin','1-111-937-8682','P.O. Box 239, 6472 Nunc Rd.','Seattle',63328,'WA',138),(26092873,'Urielle','Morales','1-507-562-9046','Ap #890-577 Faucibus Av.','Bloomington',21451,'MN',205),(26238927,'Maile','Ramos','1-306-648-7200','Ap #889-5524 Eu St.','Sacramento',93749,'CA',101),(26442228,'Hamish','Pugh','1-109-482-9224','710-4409 Non Avenue','Waterbury',24251,'CT',179),(26443145,'Theodore','Mcdowell','1-934-349-1775','P.O. Box 888, 9869 Posuere Street','Casper',32788,'WY',160),(26543665,'Martin','Lynn','1-760-354-0290','183-1220 Arcu. Ave','Savannah',90216,'GA',159),(26770664,'Samantha','Dale','1-559-608-1017','P.O. Box 419, 3609 Posuere, Rd.','Lafayette',91914,'LA',235),(26822548,'Latifah','Mcneil','1-608-156-3800','4343 Eu Ave','Augusta',59641,'GA',261),(26971728,'Jaquelyn','Stokes','1-969-383-5035','956-5533 Sapien. Street','Jonesboro',71965,'AR',196),(27207916,'Theodore','Schneider','1-471-162-3632','227-4734 Molestie St.','Laramie',68681,'WY',282),(27225428,'Dean','Hull','1-723-303-8142','3613 Est, Road','Tacoma',81614,'WA',169),(27373347,'Scarlett','Stuart','1-103-836-5274','P.O. Box 491, 5536 Fermentum Road','Chandler',85280,'AZ',227),(27842550,'Chancellor','French','1-753-612-2514','901-5361 Scelerisque, Street','Ketchikan',99912,'AK',207),(27895847,'Peter','Kirkland','1-948-595-2709','9769 Pede Avenue','Biloxi',85923,'MS',237),(27990714,'Vladimir','Ray','1-838-774-6906','742-8898 Porttitor Road','Essex',11292,'VT',138),(28168756,'Riley','Jennings','1-933-961-0516','P.O. Box 265, 306 Rutrum Avenue','Augusta',82988,'ME',272),(28408712,'Wylie','Santana','1-666-347-1504','6838 Sed St.','North Las Vegas',60297,'NV',160),(28606426,'Coby','Ellis','1-445-993-1003','208-7667 Donec Street','Fort Smith',72073,'AR',237),(28794109,'Jasper','Mendez','1-274-993-0187','Ap #155-1162 Mattis Road','Frederick',69261,'MD',252),(28848001,'Cynthia','Kirby','1-945-161-0598','770-9025 Ac St.','Lansing',41072,'MI',217),(28915256,'Leslie','Frost','1-592-230-0959','Ap #643-1765 Erat Av.','Bloomington',14441,'MN',274),(28956110,'Eric','Rasmussen','1-551-574-2020','Ap #759-9734 Sodales Av.','Evansville',11437,'IN',261),(29010386,'Ebony','Howell','1-102-594-1421','3681 Arcu. St.','Colchester',54598,'VT',150),(29184685,'Todd','Burke','1-667-144-6668','Ap #743-9679 In Av.','Gaithersburg',20256,'MD',190),(29742608,'Cyrus','Shepard','1-772-882-2352','879-291 Vivamus St.','Carson City',31584,'NV',192),(30030186,'Scarlett','Nash','1-760-960-0613','Ap #145-196 Fringilla, Street','Athens',37006,'GA',140),(30063546,'Zenaida','Welch','1-497-393-0379','1651 Cras Ave','Biloxi',56786,'MS',262),(30103090,'Philip','Little','1-466-780-2423','Ap #848-8846 Faucibus Street','New Orleans',75388,'LA',273),(30117505,'Nichole','Webb','1-765-169-2336','P.O. Box 506, 7872 Consequat Street','Carson City',52295,'NV',102),(30245658,'Guy','Alston','1-940-909-3892','Ap #588-7896 Parturient Road','Wyoming',91542,'WY',114),(30516406,'Stewart','Cook','1-489-463-6702','2243 Risus. Rd.','Rock Springs',19079,'WY',104),(30590618,'Mark','Cox','1-362-621-8820','P.O. Box 681, 4298 Congue. Rd.','Jackson',91584,'MS',235),(30749187,'Lee','Williamson','1-313-681-5843','P.O. Box 368, 1013 Vitae Ave','Cheyenne',24923,'WY',169),(30754759,'Winifred','Bauer','1-942-943-5424','P.O. Box 598, 5179 Lorem Rd.','Sacramento',95025,'CA',217),(31137983,'Noel','Mann','1-438-307-4281','1052 Ut St.','Bridgeport',35760,'CT',144),(31365027,'Tarik','Wyatt','1-118-359-1477','Ap #252-3980 Interdum. Rd.','Jacksonville',22825,'FL',261),(31574307,'Jaquelyn','Mayo','1-563-887-3027','113-3873 Auctor Road','Cambridge',10049,'MA',160),(31709373,'Ori','Cummings','1-822-142-6949','8930 Ultrices. Ave','Savannah',25941,'GA',262),(31714897,'Hayfa','Hooper','1-486-340-3101','769-6347 Suspendisse Avenue','Newport News',97445,'VA',148),(31749162,'Ahmed','Richard','1-283-265-6780','P.O. Box 433, 7813 Enim. Avenue','Bear',34713,'DE',217),(31851345,'Ariana','Cantrell','1-561-165-0370','1515 Mattis Ave','College',99906,'AK',264),(32057626,'Garth','Olsen','1-648-476-3231','9511 Et Avenue','Kearney',56966,'NE',141),(32126322,'Jennifer','Cooley','1-770-131-8938','695-4746 Fringilla, St.','Kansas City',93846,'KS',104),(32172592,'Macy','Lyons','1-526-602-5310','761-2512 Vestibulum St.','Jackson',46048,'MS',101),(32200435,'Audrey','Price','1-959-732-1592','3988 Nunc St.','Los Angeles',95006,'CA',235),(32505020,'Oscar','Nash','1-582-750-9068','P.O. Box 281, 3216 Nec St.','New Haven',84384,'CT',160),(32585443,'Dai','Casey','1-734-898-5186','P.O. Box 775, 6956 Erat, Street','Idaho Falls',59917,'ID',198),(32661996,'Cheyenne','Sloan','1-510-503-4548','Ap #296-392 Risus St.','Frederick',92982,'MD',207),(32711057,'Cruz','Baxter','1-771-422-3351','739-6529 Tempus Ave','Laramie',12095,'WY',194),(32809000,'Felicia','Swanson','1-685-358-9385','P.O. Box 277, 3367 Eu Av.','Grand Island',80099,'NE',206),(33142240,'Yen','Neal','1-892-103-9319','P.O. Box 176, 6504 Enim. Rd.','Kaneohe',68468,'HI',207),(33157604,'Hall','Hardy','1-972-937-9988','P.O. Box 668, 332 Eget Road','South Burlington',40201,'VT',139),(33269190,'Jade','Yang','1-390-111-1735','116 Sodales St.','North Las Vegas',84160,'NV',143),(33368025,'Walker','Cleveland','1-644-916-0140','8298 Enim Rd.','Nashville',62969,'TN',160),(33596482,'Tamara','Ashley','1-667-181-1067','443-628 Semper St.','Southaven',36069,'MS',141),(33771507,'Gay','Gamble','1-874-880-8072','P.O. Box 415, 4072 Eget Rd.','Cheyenne',28343,'WY',134),(33855468,'Cheyenne','Ward','1-234-354-3292','Ap #995-5144 Lectus. Avenue','Fort Collins',91916,'CO',284),(33952307,'Sasha','Roach','1-609-727-7370','850-470 Non Street','Springfield',40448,'MO',206),(34552163,'Graiden','Flowers','1-630-202-1162','8226 Consectetuer Avenue','Las Vegas',58904,'NV',169),(34634976,'Howard','Hampton','1-481-379-6257','P.O. Box 552, 3587 Nullam Road','Tulsa',27437,'OK',133),(34675713,'Ifeoma','Mcintosh','1-334-817-6793','P.O. Box 924, 4084 Donec Ave','Wichita',31941,'KS',150),(34786509,'Benedict','Curtis','1-291-763-6869','682-6837 Id St.','Tallahassee',12254,'FL',123),(34919371,'Teegan','Brewer','1-661-697-7082','Ap #925-3053 Eget Av.','Birmingham',35478,'AL',193),(35025097,'Tucker','Johns','1-149-554-7566','Ap #706-4228 Donec Ave','Casper',39960,'WY',189),(35749703,'Keaton','Sullivan','1-343-132-5365','P.O. Box 875, 1192 Curabitur Ave','Butte',43729,'MT',226),(35846846,'Michelle','Stanton','1-104-469-8655','6189 Sem Ave','Honolulu',16361,'HI',146),(35867930,'Suki','Estrada','1-231-251-2673','Ap #407-9413 Felis. Av.','Gillette',10482,'WY',272),(36194142,'Wynter','Bond','1-962-734-7053','P.O. Box 907, 8701 A St.','Lansing',15704,'MI',252),(36203629,'Roanna','Caldwell','1-626-772-4610','Ap #726-8246 Felis Rd.','Laramie',46942,'WY',236),(36220380,'Lenore','Perkins','1-308-932-1499','286-3231 Ridiculus Ave','Savannah',91454,'GA',141),(36292937,'Harding','Gardner','1-152-827-2685','P.O. Box 248, 9314 Felis Ave','Birmingham',35877,'AL',193),(36579909,'Genevieve','Bauer','1-606-330-5103','9741 Vitae Av.','Lewiston',66426,'ME',134),(37323295,'Isadora','Rodriquez','1-790-857-6094','P.O. Box 761, 7739 Sociis Ave','Worcester',90737,'MA',254),(37576498,'Curran','Pugh','1-898-749-0208','P.O. Box 211, 6352 Ultrices Rd.','Racine',60709,'WI',263),(37855543,'Alan','Perkins','1-674-735-7518','405-799 Placerat. St.','Phoenix',86878,'AZ',113),(38187227,'Aristotle','Reese','1-767-939-6043','P.O. Box 883, 1462 Aliquam Av.','South Portland',15346,'ME',160),(38324805,'Serina','Lane','1-902-264-7254','6966 Mollis Rd.','Georgia',53904,'GA',263),(38337941,'Lydia','Koch','1-587-979-2686','991-2962 Leo. Rd.','Georgia',74832,'GA',226),(38344175,'Chelsea','Mcclain','1-628-429-3114','3753 Orci, St.','Jonesboro',72817,'AR',236),(38419567,'Harlan','Pugh','1-513-220-6072','P.O. Box 162, 1155 Diam. Street','Billings',74694,'MT',217),(39004531,'Edan','Douglas','1-389-470-6703','4347 Praesent Av.','Davenport',40223,'IA',199),(39275744,'Iona','Walker','1-754-671-3291','Ap #201-3046 Molestie St.','Springfield',41345,'MA',254),(39737583,'Kelly','Lee','1-945-148-7260','409-8363 Lectus Avenue','Los Angeles',95328,'CA',192),(39991331,'Judah','Holcomb','1-285-163-1219','4657 Lectus Street','Sterling Heights',77154,'MI',199),(40299868,'Aaron','Cleveland','1-604-405-8693','304-7283 Erat Rd.','Rutland',38426,'VT',150),(40400302,'Merritt','Gilliam','1-865-744-4597','709-9136 Cras St.','Metairie',62305,'LA',144),(40533506,'Gage','Shaw','1-517-939-0440','3089 Gravida. Rd.','Norman',15985,'OK',237),(40638407,'Bryar','Lopez','1-799-243-8162','505-7225 Vitae Av.','Milwaukee',64283,'WI',271),(40709921,'Preston','Mcmahon','1-419-129-0593','P.O. Box 400, 7335 Ut Road','Olympia',14165,'WA',151),(40730369,'Hayley','Buck','1-658-538-3517','Ap #406-3707 Nec Road','Bowling Green',16234,'KY',139),(40750819,'Emery','Rose','1-632-316-2581','6609 Nec Av.','Spokane',59583,'WA',237),(40891556,'Hedy','Giles','1-551-894-2410','P.O. Box 625, 6629 Nibh St.','Memphis',45066,'TN',227),(40918224,'Philip','Heath','1-502-279-8750','P.O. Box 863, 1192 Vitae Av.','Atlanta',16660,'GA',262),(40940799,'Petra','Mclean','1-494-572-5254','3785 Mi Rd.','Tallahassee',20542,'FL',262),(40959073,'Leah','Farley','1-373-618-0298','Ap #283-9524 Nec, Avenue','Jonesboro',72413,'AR',218),(41060111,'Peter','Gaines','1-858-523-7476','Ap #272-2391 Eu Rd.','Juneau',99969,'AK',102),(41131637,'Noelle','Townsend','1-879-184-6608','P.O. Box 159, 436 Sed Av.','Columbia',53372,'MD',283),(41170741,'Suki','Wolfe','1-393-537-9652','7612 Ac Rd.','Paradise',65754,'NV',189),(41359738,'Liberty','Klein','1-932-381-2683','8777 Non Rd.','Idaho Falls',63520,'ID',101),(41785204,'Tanner','Finch','1-904-878-3027','Ap #571-1086 Sed Av.','Chandler',85953,'AZ',216),(41792749,'Destiny','Cole','1-459-271-6438','P.O. Box 745, 5560 Sem. Avenue','Shreveport',76084,'LA',147),(42072129,'April','Powell','1-241-898-4069','6366 Per Street','Lewiston',25264,'ME',196),(42182385,'Merrill','Blanchard','1-621-206-9637','P.O. Box 866, 3723 A, Avenue','Lewiston',99477,'ME',145),(42193131,'Arthur','Jones','1-482-251-4590','1653 Massa. Rd.','Aurora',14437,'CO',134),(42283031,'Hyacinth','Swanson','1-382-998-4298','6027 Dui, St.','Salt Lake City',29253,'UT',218),(42423366,'Brock','Decker','1-441-303-4145','5498 Lorem Ave','Cambridge',20749,'MA',263),(42425858,'Reagan','Barton','1-320-896-9722','548-2825 Vivamus Road','Kansas City',94281,'MO',199),(42546712,'Cameran','Guy','1-298-793-5878','4614 Per Rd.','Duluth',22924,'MN',208),(42933049,'Buffy','Ashley','1-149-901-7811','Ap #679-8611 Vestibulum Ave','Colorado Springs',93988,'CO',169),(42957051,'Neil','Suarez','1-498-666-6620','P.O. Box 441, 2867 Dis St.','Saint Louis',57354,'MO',124),(42981667,'Brendan','Shepard','1-776-796-8187','520-2558 Tincidunt St.','Columbus',98181,'GA',146),(43172490,'Lamar','George','1-632-676-3029','163-6893 Praesent Rd.','Fairbanks',99770,'AK',215),(43359908,'Inez','Austin','1-172-745-7456','7756 Dapibus Rd.','Kailua',70752,'HI',282),(43371533,'Orson','Lambert','1-936-615-7959','P.O. Box 995, 5631 Tempus Road','Olympia',90683,'WA',199),(43574443,'Aidan','Langley','1-584-727-1258','6207 Dapibus Rd.','Springfield',46189,'MO',215),(43702295,'Zahir','Mullins','1-999-347-8967','Ap #519-8330 Turpis Avenue','Cedar Rapids',60248,'IA',180),(43777847,'Griffith','Pruitt','1-606-533-8962','313-8511 Ultrices. Rd.','Juneau',99645,'AK',281),(43818019,'Phyllis','Adams','1-570-925-2775','737-4413 Gravida Rd.','Sandy',11066,'UT',141),(44225987,'Anastasia','Rollins','1-958-663-2938','P.O. Box 970, 4198 Nunc Street','Tacoma',97643,'WA',261),(44228265,'Raymond','Luna','1-666-762-8790','964-7372 Tempor Street','Little Rock',71442,'AR',133),(44370164,'Nero','Odonnell','1-478-796-3667','944-5515 Risus Rd.','Springfield',15987,'MA',237),(44414781,'Carter','Reeves','1-447-825-4680','Ap #145-3649 Libero. St.','Gillette',11462,'WY',141),(44617023,'Driscoll','Ellis','1-538-378-7804','7040 Facilisis St.','Norfolk',69423,'VA',159),(44652266,'Fleur','Key','1-790-179-7225','Ap #569-8118 Faucibus. Rd.','Evansville',28572,'IN',179),(44750170,'Tatyana','Love','1-745-166-2872','4536 Enim. Road','Salt Lake City',29951,'UT',264),(44796003,'Elton','Mcleod','1-474-827-1665','794-4160 Semper Avenue','Meridian',53382,'ID',216),(45196398,'Carolyn','Mueller','1-698-966-1859','790 Nulla. Street','Hattiesburg',63194,'MS',148),(45255805,'Driscoll','Johnston','1-604-493-3222','197 Etiam Road','Olathe',34662,'KS',151),(45285775,'Oleg','Guerra','1-274-548-1906','P.O. Box 102, 9251 Blandit St.','Fort Collins',11557,'CO',218),(45327462,'Erich','Oliver','1-268-772-4398','P.O. Box 943, 7469 Ornare Rd.','Fort Collins',94224,'CO',180),(45464071,'Jasmine','Oconnor','1-488-241-8593','7876 Augue. Road','Fairbanks',99707,'AK',284),(45466803,'Reese','Vazquez','1-847-839-1136','2141 Lectus St.','Colchester',14812,'VT',283),(45513767,'Rhoda','Shaffer','1-152-988-8917','162-5687 Porttitor St.','Birmingham',36767,'AL',102),(46015922,'Gray','Richard','1-289-965-4819','P.O. Box 931, 6910 Neque St.','Nashville',65767,'TN',195),(46198687,'Judah','Carter','1-867-464-8766','681-7890 Nec, Road','Bellevue',59430,'NE',198),(46218490,'Debra','Rivers','1-309-776-3775','249-8784 Aenean Av.','Covington',72421,'KY',140),(46324128,'Jael','Cook','1-113-635-1883','921-2917 Mauris St.','Ketchikan',99730,'AK',215),(46377093,'Charity','Maynard','1-978-500-5328','707-1827 Pellentesque Street','Casper',89119,'WY',254),(46763890,'Georgia','Hutchinson','1-143-932-6576','246-2247 Dictum Avenue','Tampa',64126,'FL',159),(46918761,'Ivy','Holden','1-779-822-8162','508-1158 Vitae Av.','Virginia Beach',64200,'VA',228),(47065495,'Hadassah','Guy','1-378-840-6431','P.O. Box 761, 449 Felis. Av.','San Antonio',18706,'TX',194),(47179341,'Emily','Richmond','1-502-370-2850','6595 Nisi Ave','Portland',16893,'ME',139),(47198938,'Constance','Russo','1-368-404-7618','5502 Eu Av.','Denver',63978,'CO',103),(47328956,'Connor','King','1-529-640-0020','613-3560 Nunc, Av.','Grand Rapids',58986,'MI',262),(47349620,'Galvin','Foley','1-110-908-5583','9358 Turpis Avenue','Springfield',17564,'MO',228),(47427211,'Sacha','Jones','1-202-163-9198','783-9269 A St.','Cheyenne',55348,'WY',205),(47457551,'Robert','Dunlap','1-688-998-7632','P.O. Box 832, 9583 Mauris, Rd.','Fort Wayne',36207,'IN',261),(47499107,'Uriah','Burt','1-963-253-0646','Ap #950-7608 Aliquam, Avenue','Newark',40157,'DE',145),(47589894,'Sandra','Wynn','1-228-642-4610','114-7856 Viverra. St.','Wichita',28233,'KS',197),(47613718,'Nicholas','Anthony','1-116-853-5243','3199 Elit Rd.','Norman',29859,'OK',226),(47662152,'Edan','Trujillo','1-612-686-8785','5977 Lorem Street','Jackson',86397,'MS',179),(47861555,'Ainsley','Fuller','1-213-879-0168','Ap #723-340 Suspendisse Av.','Lincoln',41617,'NE',101),(47932640,'Conan','Page','1-519-830-5722','165-1957 At, Ave','South Bend',85965,'IN',146),(47947776,'Ralph','Sosa','1-842-431-6509','P.O. Box 987, 4770 Et, Avenue','Fayetteville',71581,'AR',180),(48097369,'Fritz','Black','1-687-930-7647','Ap #474-2075 Odio. Road','Gulfport',86040,'MS',170),(48485616,'Ava','Serrano','1-493-805-6087','P.O. Box 569, 2627 Feugiat. Rd.','Bangor',51089,'ME',228),(48703068,'Ivana','Aguirre','1-634-791-0274','P.O. Box 296, 4999 Tempor St.','Columbus',28439,'GA',141),(49017887,'Carolyn','Rosales','1-788-716-8817','Ap #601-3993 Elit Road','Annapolis',64435,'MD',218),(49393679,'Noelle','Hunt','1-627-205-9661','P.O. Box 786, 2409 Felis Street','Duluth',82813,'MN',284),(49602116,'Malcolm','Banks','1-602-260-7020','P.O. Box 695, 8562 Ac Road','Topeka',71988,'KS',179),(50124420,'Nasim','Alvarez','1-539-589-3218','Ap #708-943 Aliquam Street','Birmingham',35315,'AL',145),(50354285,'Minerva','Boyd','1-543-835-7377','P.O. Box 165, 3398 Montes, Av.','Virginia Beach',63154,'VA',140),(50416230,'Camilla','Snyder','1-324-525-7991','134-9398 Sapien Road','Birmingham',36649,'AL',196),(50544429,'Demetrius','Berg','1-854-947-9155','P.O. Box 867, 2178 Lorem, Road','Cambridge',19006,'MA',113),(50796520,'Ella','Carter','1-663-129-5334','P.O. Box 367, 1277 Tellus Avenue','Fort Worth',36143,'TX',263),(50988061,'Kelly','Oneil','1-396-413-9129','577-6273 Gravida Road','Cleveland',30921,'OH',139);
/*!40000 ALTER TABLE `employee` ENABLE KEYS */;
UNLOCK TABLES;

--
-- Table structure for table `station`
--

DROP TABLE IF EXISTS `station`;
/*!40101 SET @saved_cs_client     = @@character_set_client */;
/*!50503 SET character_set_client = utf8mb4 */;
CREATE TABLE `station` (
  `station_id` int NOT NULL AUTO_INCREMENT,
  `station_name` varchar(50) DEFAULT NULL,
  `zone` bigint DEFAULT NULL,
  `city` varchar(45) DEFAULT NULL,
  PRIMARY KEY (`station_id`),
  UNIQUE KEY `station_id_UNIQUE` (`station_id`),
  UNIQUE KEY `station_name_UNIQUE` (`station_name`)
) ENGINE=InnoDB AUTO_INCREMENT=30 DEFAULT CHARSET=utf8mb4 COLLATE=utf8mb4_0900_ai_ci;
/*!40101 SET character_set_client = @saved_cs_client */;

--
-- Dumping data for table `station`
--

LOCK TABLES `station` WRITE;
/*!40000 ALTER TABLE `station` DISABLE KEYS */;
INSERT INTO `station` VALUES (1,'Gilroy',6,'Gilroy'),(2,'San Martin',6,'San Martin'),(3,'Morgan Hill',6,'Morgan Hill'),(4,'Blossom Hill',5,'San Jose'),(5,'Capitol',5,'San Jose'),(6,'Tamien',4,'San Jose'),(7,'San Jose Diridon',4,'San Jose'),(8,'College Park',4,'San Jose'),(9,'Santa Clara',4,'Santa Clara'),(10,'Lawrence',4,'Sunnyvale'),(11,'Sunnyvale',3,'Sunnyvale'),(12,'Mountain View',3,'Mountain View'),(13,'San Antonio',3,'Mountain View'),(14,'California Ave',3,'Palo Alto'),(15,'Palo Alto',3,'Palo Alto'),(16,'Menlo Park',3,'Menlo Park'),(17,'Redwood City',2,'Redwood City'),(18,'San Carlos',2,'San Carlos'),(19,'Belmont',2,'Belmont'),(20,'Hillsdale',2,'San Mateo'),(21,'Hayward Park',2,'San Mateo'),(22,'San Mateo',2,'San Mateo'),(23,'Burlingame',2,'Burlingame'),(24,'Millbrae',2,'Millbrae'),(25,'San Bruno',1,'San Bruno'),(26,'So. San Francisco',1,'So. San Francisco'),(27,'Bayshore',1,'San Francisco'),(28,'22nd Street',1,'San Francisco'),(29,'San Francisco',1,'San Francisco');
/*!40000 ALTER TABLE `station` ENABLE KEYS */;
UNLOCK TABLES;

--
-- Table structure for table `ticket`
--

DROP TABLE IF EXISTS `ticket`;
/*!40101 SET @saved_cs_client     = @@character_set_client */;
/*!50503 SET character_set_client = utf8mb4 */;
CREATE TABLE `ticket` (
  `ticket_id` int NOT NULL,
  `station_id` int DEFAULT NULL,
  `ticket_fare` float DEFAULT NULL,
  `destination_zone` int DEFAULT NULL,
  `valid_til` date DEFAULT NULL,
  PRIMARY KEY (`ticket_id`),
  KEY `station_id_idx` (`station_id`),
  CONSTRAINT `station_id` FOREIGN KEY (`station_id`) REFERENCES `station` (`station_id`) ON DELETE RESTRICT ON UPDATE RESTRICT
) ENGINE=InnoDB DEFAULT CHARSET=utf8mb4 COLLATE=utf8mb4_0900_ai_ci;
/*!40101 SET character_set_client = @saved_cs_client */;

--
-- Dumping data for table `ticket`
--

LOCK TABLES `ticket` WRITE;
/*!40000 ALTER TABLE `ticket` DISABLE KEYS */;
INSERT INTO `ticket` VALUES (5034739,5,96.98,1,'2020-11-04'),(5064368,24,315.26,2,'2020-10-15'),(5087849,19,214.78,1,'2020-05-15'),(5089470,8,253.14,4,'2019-06-13'),(5131549,13,327.91,2,'2020-07-18'),(5140334,4,27.32,4,'2019-01-06'),(5186307,23,450.18,3,'2019-05-05'),(5211836,24,374.69,3,'2021-07-11'),(5244017,7,184.95,4,'2021-05-25'),(5272758,13,204,1,'2020-11-17'),(5290643,19,396.7,3,'2021-02-02'),(5292526,4,372.34,4,'2019-11-26'),(5385270,6,452.25,2,'2021-02-21'),(5413374,24,448.33,4,'2021-01-29'),(5501242,16,61.57,3,'2021-01-09'),(5543054,10,77.89,6,'2020-10-23'),(5579722,24,16.44,6,'2021-01-20'),(5610633,2,439.36,4,'2021-05-13'),(5610680,7,393.09,1,'2019-05-25'),(5760743,11,46.84,3,'2021-05-01'),(5811338,9,455.07,2,'2019-03-14'),(5815596,11,402.01,6,'2019-05-04'),(5920598,20,195.78,3,'2019-08-01'),(5949863,29,154.74,2,'2019-02-07'),(5990959,19,204.67,6,'2020-04-25'),(6010260,26,316.73,1,'2019-03-04'),(6078225,16,131.01,2,'2020-02-03'),(6101180,17,374.68,3,'2019-09-18'),(6150174,5,428.36,4,'2020-02-07'),(6193620,29,15.48,1,'2020-11-21'),(6230913,26,56.11,6,'2019-07-18'),(6236094,11,116.72,4,'2019-07-04'),(6243389,13,239.92,3,'2020-09-25'),(6259866,21,136.63,5,'2019-01-07'),(6293739,22,214.26,4,'2020-02-25'),(6332166,10,205.03,2,'2020-08-14'),(6335957,10,68.93,2,'2020-02-25'),(6346458,7,409.68,1,'2021-09-30'),(6371831,12,127.24,1,'2020-05-08'),(6378819,28,356.51,1,'2020-03-09'),(6389766,18,132.38,4,'2019-01-05'),(6410361,15,315.96,6,'2020-03-17'),(6485995,1,489.38,5,'2020-06-06'),(6510905,7,120.85,4,'2019-01-13'),(6548327,16,488.07,2,'2019-05-24'),(6575855,24,272.06,3,'2021-07-16'),(6589976,21,166.97,4,'2021-10-23'),(6609684,13,51.25,1,'2019-05-20'),(6611520,6,36.92,4,'2019-12-24'),(6613518,9,306.05,1,'2021-04-26'),(6684943,22,181.16,2,'2020-02-27'),(6746706,26,346.49,3,'2021-01-14'),(6769163,23,319.29,4,'2021-01-07'),(6785312,25,331.56,4,'2020-10-25'),(6832626,14,258.79,6,'2021-07-05'),(6913810,11,183.27,6,'2020-10-19'),(6955681,6,178.62,1,'2019-02-13'),(6957812,20,337.03,5,'2021-08-08'),(7002598,27,412.84,1,'2021-01-20'),(7018306,11,270.28,3,'2021-05-17'),(7101390,28,41.52,6,'2021-01-13'),(7139908,5,479.75,2,'2019-05-14'),(7145086,3,392.5,4,'2021-04-15'),(7201926,16,274.5,6,'2021-06-20'),(7209488,1,170.06,2,'2019-02-23'),(7216604,8,317.67,2,'2019-02-09'),(7223203,20,154.78,2,'2021-08-27'),(7245916,28,274.77,6,'2020-10-24'),(7279429,4,202.74,3,'2021-08-17'),(7286854,10,163.42,2,'2019-07-25'),(7292057,23,40.88,3,'2020-08-21'),(7299037,15,1.26,2,'2021-03-21'),(7354773,24,12.91,5,'2019-08-26'),(7376904,19,234.26,3,'2019-04-17'),(7405901,7,145.95,4,'2020-10-21'),(7434384,20,295.34,1,'2019-12-12'),(7454682,15,367.31,6,'2020-12-20'),(7465629,5,461.91,1,'2020-08-06'),(7473949,20,36.57,2,'2020-04-29'),(7545729,14,248.79,4,'2020-01-17'),(7573809,29,230.05,1,'2020-07-28'),(7588541,16,335.59,6,'2019-01-24'),(7589102,5,355.63,5,'2019-09-08'),(7589794,11,196.71,5,'2020-05-28'),(7609401,18,496.95,1,'2021-09-18'),(7643243,5,458.78,2,'2020-09-03'),(7664417,8,165.49,3,'2019-01-10'),(7680697,6,15.52,1,'2021-06-06'),(7683876,17,426.9,2,'2020-08-11'),(7771489,21,310.93,1,'2021-06-03'),(7792839,20,333,4,'2019-06-17'),(7802749,10,492.96,5,'2020-03-20'),(7810735,6,193.14,4,'2019-09-05'),(7962229,22,164.19,1,'2019-09-15'),(7965522,24,3.46,2,'2021-07-25'),(8022662,19,290.94,3,'2021-02-05'),(8071309,23,243.28,6,'2021-01-01'),(8092151,11,426.52,3,'2019-10-13'),(8111902,29,482.3,3,'2019-12-03'),(8127968,11,347.81,2,'2020-07-26'),(8148024,27,444.78,3,'2019-04-03'),(8170259,2,316.37,1,'2019-07-11'),(8173767,5,170.93,5,'2019-11-16'),(8201560,23,406.75,6,'2020-12-07'),(8206982,7,485.06,4,'2020-08-19'),(8237230,27,402.24,5,'2020-07-28'),(8273103,15,224.36,2,'2019-02-19'),(8319175,25,182.11,2,'2020-07-01'),(8473712,24,268.81,3,'2020-04-23'),(8478912,27,225.25,5,'2020-10-14'),(8511481,4,80.3,4,'2020-01-10'),(8591743,4,256.79,4,'2020-08-18'),(8631293,3,222.04,5,'2021-07-24'),(8677060,3,59.62,5,'2019-01-17'),(8684835,18,382.72,2,'2021-07-03'),(8762591,28,29.47,1,'2019-08-09'),(8797789,11,192.49,4,'2020-08-07'),(8821434,12,458.46,4,'2019-06-03'),(8855383,26,141.52,3,'2021-07-15'),(8975983,5,334.59,4,'2021-06-22'),(8981321,3,150.03,5,'2019-06-21'),(9130662,22,225.58,3,'2019-01-01'),(9137624,2,455.62,1,'2019-09-18'),(9274666,12,319.84,4,'2020-09-17'),(9314516,7,484.95,5,'2019-02-13'),(9339457,4,285.82,1,'2019-04-20'),(9345976,13,269.18,4,'2020-02-16'),(9393921,29,265.36,5,'2021-07-06'),(9424131,11,250.7,1,'2020-01-06'),(9480693,12,242.34,1,'2021-09-03'),(9497747,6,420.02,5,'2019-07-23'),(9521587,20,193.2,3,'2020-10-29'),(9557546,27,494.77,3,'2021-07-25'),(9658825,11,101.74,3,'2020-09-25'),(9704300,27,277.17,4,'2020-05-22'),(9745758,11,202.37,4,'2019-04-27'),(9762628,20,463.22,5,'2020-05-24'),(9784589,18,38.47,5,'2020-07-27'),(9808790,27,157.87,3,'2020-02-11'),(9818049,17,483.57,3,'2019-01-06'),(9850907,14,454.09,3,'2021-03-10'),(9859769,13,337.06,5,'2019-08-01'),(9899235,13,498.97,1,'2021-06-21'),(9919978,11,149.34,2,'2020-07-16'),(9938470,25,138.83,4,'2021-06-06'),(9974770,4,159.69,6,'2020-02-11'),(10006892,3,494.78,2,'2021-10-17'),(10085033,7,329.21,4,'2020-06-26'),(10089402,6,133.09,4,'2021-07-19'),(10102199,12,307.39,1,'2021-06-15'),(10185172,10,173.8,2,'2020-04-01'),(10233059,18,30.24,4,'2020-07-20'),(10237076,24,44.03,5,'2020-06-01'),(10316100,3,79.69,5,'2019-09-01'),(10323991,1,279.75,5,'2021-05-02'),(10349960,20,443.42,1,'2019-03-09'),(10381221,7,325.46,2,'2021-03-22'),(10407942,19,398.56,1,'2020-02-11'),(10426835,28,122.9,4,'2020-06-13'),(10434020,25,344.88,2,'2020-11-25'),(10440344,21,334.38,6,'2019-06-13'),(10481240,27,325.9,6,'2020-12-16'),(10509476,28,418.3,2,'2019-08-17'),(10570700,3,288.5,5,'2021-03-26'),(10609592,23,12.01,5,'2020-06-07'),(10681302,22,24.3,4,'2020-08-06'),(10705561,11,431.85,3,'2019-05-24'),(10735571,2,363.6,6,'2019-08-05'),(10839351,2,448.29,2,'2020-03-15'),(10911948,4,337.39,6,'2019-03-23'),(10916023,28,287.81,4,'2020-04-02'),(10926761,17,349.47,6,'2021-08-18'),(10933566,12,6.19,1,'2020-03-23'),(10941304,28,433.37,1,'2019-01-24'),(10945828,21,226.31,2,'2019-09-30'),(10993623,25,78.63,3,'2019-03-24'),(11028703,24,119.3,6,'2019-11-10'),(11039722,25,46.6,3,'2019-12-29'),(11044827,8,253.5,5,'2020-05-17'),(11153373,15,452.66,3,'2021-09-18'),(11176437,12,230.23,6,'2019-03-16'),(11206652,26,453.33,5,'2019-07-25'),(11263441,26,325.91,6,'2019-08-19'),(11267774,13,202.69,6,'2019-02-28'),(11297473,27,107,1,'2019-12-17'),(11339929,13,365.76,4,'2019-11-03'),(11357218,3,0.5,3,'2019-04-25'),(11373769,16,2.67,4,'2019-12-08'),(11407363,14,259.43,2,'2021-01-01'),(11452445,9,71.88,5,'2021-09-28'),(11486902,21,12.4,6,'2020-08-01'),(11492416,29,303.02,4,'2019-12-29'),(11521454,4,147.62,1,'2019-08-27'),(11565099,6,94.29,4,'2019-10-21'),(11584058,10,430.92,3,'2020-07-21'),(11588785,21,84.85,6,'2019-07-08'),(11628805,19,19.21,4,'2019-08-07'),(11644407,24,423.38,5,'2019-03-25'),(11653423,8,361.8,2,'2021-02-10'),(11674981,17,30.06,4,'2021-10-24'),(11676195,29,194.6,4,'2021-04-29'),(11724152,9,228.05,2,'2019-10-02'),(11804927,7,305.31,4,'2019-04-20'),(11838964,6,313.89,1,'2019-10-13'),(11877056,19,155.59,5,'2021-05-25'),(11881139,21,121.13,2,'2020-10-30'),(11924462,5,303.85,3,'2020-05-27'),(11945520,17,58.72,2,'2019-11-09'),(11977181,4,448.42,6,'2021-07-14'),(12005716,1,279.12,5,'2020-09-24'),(12021027,28,218.18,2,'2021-08-05'),(12111111,18,4.59,5,'2020-11-01'),(12130596,7,178.73,2,'2019-08-22'),(12158540,29,350.6,1,'2021-04-12'),(12228190,10,124.67,1,'2019-09-13'),(12245251,9,208.31,5,'2019-10-19'),(12262812,8,148.91,3,'2020-10-27'),(12265332,10,465.77,2,'2019-08-19'),(12283217,23,95.93,1,'2020-04-12'),(12297758,3,209.06,2,'2021-11-01'),(12315579,16,99.19,5,'2019-05-16'),(12335687,2,293.43,1,'2020-11-19'),(12343080,15,161.7,5,'2019-09-23'),(12355253,16,386.2,1,'2019-04-02'),(12419750,3,446.52,4,'2020-10-20'),(12517874,23,196.07,4,'2021-08-07'),(12598292,13,280.49,2,'2019-08-22'),(12700043,12,31.26,1,'2021-07-23'),(12795941,14,363.14,4,'2019-10-12'),(12801035,21,209.6,3,'2020-05-05'),(12807305,13,330.13,3,'2019-03-27'),(12826719,28,238.34,1,'2021-03-15'),(12831655,15,485.57,3,'2019-08-11'),(12894874,14,495.76,4,'2020-08-18'),(12982395,22,187.37,5,'2021-07-31'),(12988724,11,274.36,5,'2020-03-01'),(12991074,15,187.21,5,'2021-02-25'),(13042866,16,220.48,3,'2019-04-26'),(13048872,19,396.08,2,'2019-10-16'),(13138408,7,341.58,5,'2019-11-10'),(13143186,3,39.55,4,'2019-03-18'),(13166049,20,428.43,5,'2019-10-28'),(13275853,26,109.44,5,'2021-07-09'),(13296168,2,256.35,3,'2020-02-21'),(13328342,22,225.02,6,'2019-10-01'),(13337056,13,233.73,4,'2021-09-04'),(13424269,10,491.18,3,'2019-10-25'),(13461020,29,177.75,3,'2020-08-10'),(13494638,18,161.43,2,'2021-05-22'),(13519201,8,400.62,1,'2021-02-16'),(13527569,18,323.7,1,'2019-11-13'),(13676097,14,239.93,3,'2021-09-23'),(13686842,15,484.19,6,'2020-05-30'),(13725919,7,191.29,5,'2021-05-30'),(13759239,1,163.53,5,'2021-09-21'),(13792486,12,131.13,2,'2020-01-29'),(13799413,20,90.45,2,'2020-06-09'),(13834651,29,203.43,2,'2019-06-16'),(13856850,2,222.19,6,'2020-01-16'),(13919501,28,106.99,1,'2020-08-19'),(13938965,21,291.71,1,'2021-09-12'),(13975121,7,381.82,5,'2020-02-03'),(13978860,5,121.64,3,'2020-11-05'),(13991964,28,124.73,4,'2020-06-25'),(14084998,15,209.92,2,'2020-07-01'),(14091187,29,374.81,6,'2019-11-17'),(14147475,2,204.72,4,'2019-03-17'),(14196645,21,456.66,6,'2021-11-03'),(14234648,11,485.09,5,'2020-08-28'),(14250380,12,465.48,1,'2019-08-13'),(14258585,22,216.87,6,'2020-10-14'),(14293528,5,98.19,4,'2021-01-07'),(14361777,27,417.98,2,'2019-10-11'),(14390248,29,366.44,2,'2019-07-18'),(14408309,1,256.18,2,'2020-10-02'),(14412353,21,37.19,5,'2020-11-03'),(14429166,24,266.81,2,'2019-08-08'),(14439363,22,346.06,4,'2021-07-22'),(14464517,22,367.65,2,'2021-02-07'),(14494504,29,346.21,6,'2021-07-23'),(14522442,2,464.03,1,'2019-09-15'),(14525719,25,187.63,4,'2020-06-25'),(14535448,1,290.94,4,'2019-01-08'),(14549303,8,409.08,5,'2020-09-10'),(14578251,28,344.66,3,'2021-07-01'),(14593962,2,261.5,1,'2021-08-13'),(14627448,29,291.43,6,'2019-02-01'),(14641538,1,36.88,5,'2020-06-02'),(14761687,11,281.95,3,'2020-08-23'),(14896766,29,432.45,3,'2021-05-05'),(14908056,27,328.61,2,'2019-04-13'),(14988748,20,24.68,1,'2021-11-07'),(14997160,14,491.09,1,'2020-12-06'),(15005540,22,271.37,5,'2019-05-01'),(15005602,2,347.86,5,'2021-03-02'),(15009712,6,472.2,5,'2019-03-08'),(15050109,10,422.58,6,'2019-08-04'),(15071562,6,345.08,2,'2021-10-24'),(15120667,12,481.14,4,'2020-07-22'),(15149668,15,490.37,6,'2019-10-10'),(15189012,15,95.59,2,'2020-12-07'),(15205548,18,198.61,5,'2020-06-28'),(15249048,15,340.06,4,'2019-12-09'),(15280868,12,13.57,1,'2020-12-04'),(15297610,14,399.1,1,'2019-12-21'),(15303586,1,318.67,6,'2020-05-19'),(15432113,11,109.28,1,'2019-11-04'),(15455820,19,191.36,5,'2019-12-26'),(15502712,15,450.83,5,'2020-01-12'),(15556649,3,367.69,4,'2019-01-25'),(15583579,18,388.76,4,'2019-05-13'),(15599671,15,448.15,3,'2020-03-19'),(15611297,18,10.97,2,'2019-07-12'),(15620492,4,406.7,1,'2021-10-21'),(15661119,28,460.76,2,'2019-07-27'),(15668156,18,197.42,3,'2021-01-01'),(15669084,8,375.77,3,'2019-08-24'),(15682237,2,163.74,1,'2020-10-20'),(15701774,20,139.97,1,'2019-02-26'),(15724332,17,433.85,2,'2020-12-28'),(15728651,4,210.92,5,'2019-04-16'),(15750470,27,399.78,3,'2021-07-29'),(15771486,16,477.53,4,'2019-07-10'),(15779761,1,258.45,2,'2020-10-27'),(15787989,22,91.92,3,'2019-01-31'),(15829337,22,112.04,6,'2021-03-05'),(15854650,11,188.06,6,'2020-05-20'),(15856828,19,248.46,5,'2020-04-08'),(15864490,17,392.71,3,'2021-08-09'),(15888771,25,108.97,6,'2020-03-21'),(15897473,23,4.05,4,'2021-08-11'),(15901681,8,218.28,2,'2021-01-26'),(15910683,4,325.79,4,'2021-03-31'),(15911864,8,43.34,4,'2021-07-23'),(15965216,29,305.31,3,'2020-11-17'),(15985970,15,275.88,3,'2020-06-12'),(15988981,21,403.39,1,'2021-03-31'),(16004093,5,67.19,5,'2020-10-17'),(16012275,15,43.11,6,'2021-01-14'),(16015733,1,453.11,2,'2021-02-18'),(16022939,6,180.57,1,'2021-06-10'),(16077371,27,470.75,4,'2019-04-09'),(16080614,2,320.27,4,'2020-08-02'),(16089418,24,41.3,6,'2021-07-26'),(16117375,5,311.63,1,'2019-04-15'),(16128004,13,224.96,2,'2019-05-29'),(16131878,5,300.49,3,'2020-02-09'),(16158914,5,332.14,2,'2019-08-07'),(16177198,21,220.2,3,'2019-05-14'),(16211340,26,458.81,3,'2021-04-23'),(16226639,6,282.28,3,'2019-07-11'),(16245905,13,328.32,3,'2020-05-12'),(16262238,14,343.08,2,'2020-09-01'),(16307541,28,151.62,1,'2019-11-14'),(16323803,17,120.35,6,'2019-07-26'),(16347048,2,110.71,4,'2019-12-19'),(16368968,16,92.9,2,'2020-07-29'),(16412060,18,78.16,2,'2021-08-27'),(16456022,10,492.45,3,'2020-12-31'),(16460878,10,467.47,6,'2020-03-16'),(16475672,13,294.21,5,'2020-12-08'),(16498345,7,293.49,6,'2021-06-19'),(16507174,26,354.45,5,'2021-10-18'),(16604733,27,477.67,6,'2020-11-07'),(16613850,16,148.42,4,'2021-09-29'),(16616323,7,369.65,4,'2020-07-01'),(16675595,27,112.64,5,'2021-03-20'),(16686274,28,437.33,6,'2021-01-09'),(16698908,1,380.7,3,'2021-06-27'),(16710500,4,64.34,4,'2019-08-21'),(16711962,27,30.7,1,'2021-01-03'),(16795394,12,404.23,6,'2020-08-09'),(16809305,2,194.17,6,'2021-06-19'),(16996207,2,169.6,2,'2021-08-25'),(17025347,8,110.1,1,'2021-03-04'),(17048273,4,156.26,5,'2021-03-08'),(17049268,7,136.64,1,'2021-10-13'),(17088791,15,84.84,2,'2021-03-06'),(17141835,8,290.29,6,'2019-05-19'),(17220610,6,84.88,6,'2020-05-14'),(17258427,4,46.48,1,'2020-03-13'),(17290102,18,115.46,6,'2020-09-29'),(17327260,4,359.46,3,'2020-08-30'),(17355532,25,99.89,1,'2021-02-23'),(17367433,22,26.99,2,'2020-06-27'),(17387741,13,110.06,2,'2019-03-19'),(17432737,8,396.02,4,'2021-04-03'),(17579396,6,254.58,4,'2020-08-27'),(17637343,29,14.85,6,'2019-12-22'),(17711367,14,378.62,6,'2019-08-31'),(17758584,24,129.28,2,'2021-03-14'),(17763863,7,398.29,2,'2019-11-07'),(17834837,17,287.65,6,'2020-11-25'),(17840031,9,34.29,6,'2020-09-21'),(17923152,28,126.82,5,'2021-10-22'),(17945456,17,357.91,6,'2020-06-10'),(17995603,17,60.07,2,'2021-06-10'),(18024726,1,151.35,4,'2019-01-20'),(18032406,27,382.02,5,'2021-03-26'),(18039978,6,235.67,4,'2019-12-03'),(18240120,25,261.44,1,'2021-05-22'),(18257925,23,179.18,6,'2020-11-08'),(18371250,14,359.79,3,'2020-08-07'),(18417834,9,84.58,6,'2020-07-26'),(18460794,6,183.7,2,'2019-07-20'),(18480560,23,231.53,6,'2020-09-29'),(18487084,11,358.72,1,'2020-04-08'),(18491371,11,237.76,6,'2019-01-12'),(18493495,14,285.32,2,'2019-01-09'),(18495256,10,132.57,4,'2021-02-01'),(18526066,28,40.13,1,'2019-02-24'),(18539924,11,498.34,3,'2019-08-29'),(18541913,15,116.93,6,'2020-04-21'),(18546974,11,251.71,3,'2020-06-02'),(18549713,26,386.94,1,'2020-02-26'),(18659655,28,364.54,2,'2020-05-28'),(18674017,6,335.19,3,'2019-09-24'),(18807743,29,253.56,6,'2020-08-13'),(18893905,5,333.88,6,'2020-06-24'),(18913598,17,283.95,6,'2020-12-10'),(18951298,21,1.03,1,'2020-07-10'),(19000754,24,453.22,3,'2019-05-30'),(19011595,17,40.97,2,'2020-01-03'),(19011644,1,61.39,2,'2020-09-22'),(19066784,16,279.14,2,'2019-12-04'),(19120850,29,421.07,2,'2020-09-07'),(19127382,6,329.49,3,'2021-06-26'),(19135937,19,114.88,2,'2021-08-24'),(19175435,20,261.86,2,'2021-06-10'),(19195444,3,322.36,3,'2021-07-03'),(19202766,3,204.15,5,'2019-10-23'),(19275927,9,308.96,5,'2019-03-18'),(19286618,5,300.13,6,'2021-01-15'),(19304529,15,298.79,4,'2021-02-04'),(19320082,24,419.4,3,'2019-06-04'),(19335493,16,264.87,4,'2019-11-18'),(19394986,25,445.22,4,'2020-06-03'),(19472038,17,17.08,4,'2019-12-11'),(19493995,14,350.07,4,'2020-09-24'),(19497214,19,187.97,5,'2019-12-17'),(19558923,5,198.02,3,'2020-10-31'),(19620239,29,211.57,3,'2019-01-02'),(19626684,15,216.91,1,'2021-09-24'),(19641508,13,198.47,6,'2021-02-20'),(19694022,16,129.8,2,'2020-02-09'),(19698196,17,464.52,3,'2019-04-10'),(19703250,28,415.37,5,'2020-01-31'),(19720187,11,490.71,6,'2019-06-21'),(19733871,15,466.04,2,'2021-02-20'),(19768430,17,297.77,6,'2020-09-23'),(19780014,19,334.22,6,'2019-10-19'),(19789845,18,36.15,3,'2020-06-26'),(19815563,17,358.62,4,'2020-12-19'),(19869424,13,284.65,2,'2019-02-04'),(19879618,18,232,1,'2019-04-12'),(19880721,21,160.62,5,'2020-07-16'),(19943534,18,264.16,6,'2020-07-15'),(19970191,16,421.59,5,'2020-02-12'),(19978880,22,301.55,2,'2021-03-12'),(20015892,5,321.3,4,'2020-08-19'),(20091575,2,123.4,4,'2019-10-31'),(20104461,18,19.27,6,'2020-05-15'),(20163608,18,212.79,2,'2021-07-24'),(20175635,19,157.46,6,'2019-02-20'),(20220936,14,266.3,1,'2019-11-27'),(20236915,23,383.19,2,'2020-01-28'),(20275008,18,434.88,4,'2020-11-16'),(20297422,7,10.54,1,'2019-01-14'),(20317359,2,434.63,2,'2019-05-29'),(20319721,7,112.68,5,'2020-12-19'),(20326477,25,169.09,4,'2019-06-28'),(20369661,13,166.61,4,'2019-10-30'),(20417037,11,340.35,6,'2019-02-11'),(20433295,23,243.15,5,'2021-02-16'),(20458613,11,12.29,5,'2021-05-01'),(20469676,21,81.53,6,'2021-07-21'),(20498001,16,364.62,6,'2019-11-09'),(20507841,15,205.33,1,'2020-10-19'),(20537829,6,333.31,1,'2020-09-29'),(20540139,20,493.44,3,'2019-01-20'),(20541341,21,13.29,5,'2020-06-22'),(20543684,26,174.87,4,'2020-05-29'),(20569719,6,229.69,1,'2019-12-07'),(20626817,1,32.44,1,'2020-08-27'),(20695291,23,135.4,6,'2019-05-28'),(20711901,12,14.31,4,'2021-09-01'),(20727504,27,497.43,2,'2019-04-06'),(20736877,23,88.98,1,'2021-10-02'),(20845903,23,271.31,3,'2019-06-01'),(20850916,13,280.06,4,'2021-05-30'),(20871869,8,215.63,2,'2021-05-30'),(20892228,13,0.55,5,'2021-07-20'),(20924646,13,148.15,3,'2020-04-10'),(20929802,22,157.47,5,'2020-01-14'),(20938898,4,14.49,3,'2021-02-12'),(20943681,2,184.3,5,'2021-06-29'),(20966562,4,316.54,1,'2019-10-13'),(21042900,6,177.55,4,'2019-07-21'),(21049769,26,123.43,2,'2020-04-13'),(21082123,14,161.72,6,'2019-11-12'),(21162041,13,128.23,6,'2020-05-01'),(21233929,3,385.53,4,'2019-06-09'),(21238423,24,127.44,6,'2019-03-28'),(21314891,26,238.62,1,'2020-08-21'),(21474901,2,389.85,3,'2021-03-02'),(21476434,12,276.86,3,'2020-07-10'),(21522581,3,266.25,1,'2020-03-14'),(21549167,13,183.28,3,'2021-07-18'),(21670139,3,153.59,1,'2020-06-23'),(21683414,3,422.08,1,'2021-10-01'),(21711755,6,218.6,5,'2020-03-07'),(21727390,16,219.85,2,'2021-05-30'),(21741620,19,393.29,5,'2019-09-18'),(21751107,25,149.17,6,'2020-05-30'),(21757774,26,398.14,3,'2019-01-20'),(21779210,16,157.93,5,'2020-07-19'),(21802200,5,157.86,5,'2021-07-26'),(21849734,16,188.75,3,'2020-03-07'),(21868234,24,430.62,5,'2019-12-17'),(21899772,9,439.96,4,'2020-04-15'),(21917656,23,367.06,3,'2020-08-31'),(21937457,22,463.22,3,'2020-01-07'),(21981220,8,200.73,4,'2019-03-15'),(21990497,24,242.51,3,'2019-07-05'),(22025419,15,159.31,4,'2020-08-13'),(22045631,2,115.51,5,'2019-04-17'),(22109904,15,281.08,3,'2020-06-12'),(22114953,7,184.45,1,'2020-09-02'),(22118392,14,404.92,4,'2021-01-09'),(22304470,27,345.65,1,'2020-02-24'),(22318773,6,366.26,2,'2021-04-09'),(22326543,20,234.71,2,'2020-02-10'),(22363019,28,452,2,'2020-11-04'),(22407221,7,176.93,2,'2021-04-20'),(22419190,11,217.36,1,'2019-01-29'),(22437989,19,330.49,1,'2019-09-12'),(22464915,26,223.99,3,'2021-08-31'),(22483677,23,321.72,4,'2020-10-09'),(22512420,8,337.22,5,'2019-03-01'),(22545645,2,449.9,2,'2019-12-12'),(22555816,23,459,2,'2021-01-15'),(22567136,8,395.71,4,'2020-02-17'),(22585170,18,437.2,2,'2019-09-12'),(22593079,18,119.25,1,'2019-10-26'),(22600767,7,119.48,3,'2021-05-16'),(22612561,28,351.81,4,'2020-04-27'),(22619904,1,166.96,1,'2019-08-30'),(22621883,29,57.27,1,'2019-09-07'),(22632957,6,5.3,3,'2020-08-16'),(22633037,10,372.54,6,'2019-02-09'),(22667026,20,481.28,2,'2019-01-21'),(22693674,16,465.25,1,'2019-03-16'),(22733764,1,177.41,3,'2021-03-28'),(22759836,7,189.74,1,'2020-04-11'),(22784921,8,181.84,1,'2019-03-09'),(22789216,14,277.72,2,'2019-02-11'),(22792051,29,162.36,3,'2019-09-16'),(22792767,16,6.53,3,'2020-07-30'),(22822220,12,347.33,1,'2020-06-13'),(22950459,3,65.23,5,'2020-12-03'),(22958544,6,11.88,6,'2021-11-08'),(23014707,19,10.27,6,'2019-09-19'),(23029771,8,236.19,4,'2020-04-03'),(23030249,16,305.98,3,'2020-09-12'),(23036553,4,287.9,4,'2019-03-01'),(23065670,29,363.44,2,'2021-08-22'),(23094831,19,153.61,1,'2019-05-01'),(23176285,2,432.9,5,'2020-07-27'),(23227763,29,339.89,1,'2019-09-25'),(23281786,13,1.39,3,'2019-09-03'),(23301940,19,198.14,2,'2020-06-08'),(23383181,26,126.83,2,'2021-05-30'),(23404134,1,236.95,5,'2021-09-10'),(23431544,5,271.14,4,'2020-04-18'),(23447518,24,372.72,4,'2019-04-27'),(23454055,15,345.93,4,'2020-12-29'),(23468715,18,131.16,6,'2021-10-23'),(23472033,29,209.49,3,'2021-03-03'),(23566343,23,297.46,3,'2020-05-19'),(23567143,4,11.09,6,'2020-08-24'),(23657778,7,242.78,2,'2020-02-29'),(23672699,17,398.38,1,'2021-11-02'),(23731030,6,292.57,2,'2021-07-27'),(23785896,22,66.22,2,'2020-08-30'),(23832119,17,347.31,6,'2020-03-23'),(23888152,19,116.85,2,'2019-11-17'),(23889149,5,290.89,2,'2019-01-19'),(23926139,6,164.54,4,'2019-02-22'),(24011693,6,352.79,6,'2020-06-03'),(24031201,13,44.28,3,'2019-02-04'),(24086514,19,487.41,1,'2021-09-07'),(24121789,17,276.69,5,'2020-01-09'),(24186682,9,446.02,1,'2021-02-01'),(24188822,27,428.09,4,'2019-03-28'),(24222545,19,280.21,3,'2020-01-03'),(24311671,3,319.29,5,'2020-08-13'),(24362551,27,499.04,3,'2021-10-18'),(24363057,8,367.03,1,'2019-05-10'),(24363965,22,156.83,4,'2020-07-15'),(24400243,27,131.46,1,'2021-07-24'),(24461312,20,71.89,2,'2019-10-01'),(24479505,13,434.67,5,'2020-07-05'),(24514358,21,185.95,6,'2019-09-13'),(24514843,19,29.81,3,'2021-05-03'),(24519550,24,432.07,4,'2021-07-31'),(24533359,15,96.32,1,'2019-04-09'),(24553369,14,293.04,5,'2020-05-16'),(24609655,2,309.88,2,'2021-02-25'),(24634528,13,451.33,2,'2020-04-03'),(24657240,4,106.31,1,'2021-05-17'),(24801073,6,212.44,3,'2021-01-19'),(24821740,8,144.71,4,'2019-11-04'),(24899003,10,496.93,1,'2021-07-14'),(24935468,9,474.65,5,'2021-02-06'),(24990322,21,299.96,6,'2021-06-16'),(25007854,19,249.86,6,'2021-06-12'),(25128609,27,40.52,5,'2020-09-19'),(25144359,26,90.76,6,'2020-03-06'),(25164890,4,282.17,2,'2020-03-21'),(25243380,23,394.15,3,'2021-08-21'),(25279726,3,240.87,4,'2020-08-16'),(25282816,15,382.53,2,'2021-10-01'),(25308087,10,61.9,1,'2021-03-04'),(25355393,22,109.34,4,'2019-01-10'),(25356390,17,34.58,2,'2019-03-01'),(25370860,16,138.09,5,'2019-07-06'),(25378403,17,304.53,4,'2020-11-18'),(25379216,24,449.04,6,'2019-01-19'),(25415901,3,322.12,4,'2020-06-19'),(25445366,23,442.25,3,'2019-02-14'),(25592255,24,441.35,4,'2021-04-23'),(25598438,23,69.4,2,'2021-10-01'),(25620797,26,52.29,3,'2020-06-27'),(25626543,29,273.78,4,'2020-08-15'),(25631960,29,162.46,4,'2021-01-13'),(25638188,21,360.65,6,'2019-05-21'),(25651354,26,123.54,3,'2021-08-05'),(25658662,6,452.79,5,'2021-06-30'),(25659885,2,130.95,4,'2020-06-25'),(25660209,2,70.89,1,'2019-02-26'),(25717896,3,460.46,6,'2020-03-28'),(25768947,9,116.01,2,'2021-01-20'),(25783197,2,149.54,4,'2021-04-30'),(25785536,3,150.66,4,'2020-05-25'),(25792910,21,50.63,3,'2019-10-21'),(25827503,5,467.32,4,'2020-04-25'),(25927407,16,205.37,2,'2021-10-28'),(25956541,25,9.19,2,'2021-05-06'),(25959128,12,230.69,6,'2020-12-27'),(25990664,15,474.67,1,'2020-08-18'),(26017834,16,220.24,6,'2021-11-04'),(26088884,6,163.53,6,'2019-06-22'),(26116273,15,6.13,1,'2021-07-07'),(26183421,29,2.3,6,'2019-05-21'),(26235174,21,492.98,6,'2021-07-08'),(26259817,25,176.34,2,'2020-08-13'),(26270405,20,143.93,4,'2019-06-11'),(26317361,3,303.81,2,'2019-01-07'),(26327379,25,285.29,4,'2021-07-03'),(26331512,20,254.95,6,'2020-04-13'),(26340277,12,56.94,5,'2020-08-05'),(26368503,6,208.82,5,'2021-11-03'),(26401790,9,190.53,2,'2019-05-05'),(26419876,14,443.92,5,'2021-10-26'),(26455061,10,139.74,1,'2021-08-19'),(26496249,16,406.67,3,'2019-09-29'),(26504695,25,68.99,4,'2020-10-07'),(26508268,20,453.85,1,'2021-08-06'),(26548061,9,250.61,2,'2019-01-01'),(26567695,17,150.96,2,'2019-12-01'),(26620253,23,397.7,1,'2019-04-23'),(26642087,22,463.71,6,'2021-05-31'),(26697515,11,1.89,3,'2020-05-14'),(26751225,27,382.68,3,'2021-11-01'),(26814790,8,296.34,6,'2021-04-08'),(26815066,5,39.81,2,'2020-10-26'),(26853809,16,176.8,5,'2020-07-16'),(26909977,16,202.18,3,'2020-04-10'),(27099538,12,124.59,3,'2021-05-02'),(27134804,6,87.86,2,'2020-07-11'),(27139612,7,436.85,1,'2021-04-24'),(27187279,12,6.45,3,'2020-05-16'),(27261275,10,95.56,6,'2019-12-15'),(27338938,24,485.72,1,'2019-12-18'),(27361313,4,121.84,4,'2019-07-20'),(27368711,21,153.02,6,'2020-07-17'),(27418677,5,146.55,1,'2021-01-09'),(27442556,24,461.92,1,'2020-07-11'),(27473642,13,438.85,4,'2021-04-06'),(27501962,5,447.14,2,'2019-09-08'),(27521439,3,483.79,2,'2021-05-04'),(27561767,18,345.61,4,'2019-10-11'),(27615701,20,192.38,2,'2021-03-08'),(27679120,1,356.77,2,'2019-11-10'),(27718208,14,366.16,2,'2020-09-22'),(27720995,25,246.5,2,'2021-01-06'),(27770513,26,148.78,6,'2020-07-01'),(27779880,7,400.92,4,'2020-03-19'),(27919787,5,301.71,5,'2019-05-26'),(27922933,22,108.98,5,'2020-05-31'),(27973960,25,238.53,2,'2020-06-19'),(28010295,26,287.69,3,'2021-07-19'),(28012168,15,432.97,6,'2020-03-24'),(28045878,27,489.8,4,'2020-06-10'),(28092300,28,6.8,2,'2019-04-21'),(28093722,13,334.7,4,'2021-04-25'),(28120005,23,375.2,4,'2021-02-27'),(28130654,4,293.4,1,'2021-10-29'),(28141370,20,131.58,2,'2020-02-22'),(28153067,9,441.68,1,'2019-03-02'),(28160772,21,407.69,6,'2020-11-15'),(28162374,16,305.07,4,'2020-12-20'),(28213277,10,433,4,'2019-07-24'),(28243698,22,280.42,3,'2019-06-08'),(28250070,9,442.73,2,'2021-09-12'),(28256732,28,98.15,4,'2020-07-29'),(28322743,24,54.9,4,'2019-04-13'),(28411196,9,247.54,2,'2021-08-02'),(28437091,18,400.88,4,'2019-04-05'),(28471518,22,463.79,5,'2020-06-22'),(28479213,5,464,6,'2019-01-18'),(28511992,29,442.26,1,'2019-08-24'),(28517254,25,426.9,4,'2021-06-16'),(28540099,16,354.66,1,'2021-06-13'),(28590196,14,397.98,3,'2020-05-25'),(28620086,22,187.53,5,'2021-04-06'),(28620255,11,147.67,4,'2019-07-23'),(28629326,8,45.08,1,'2019-06-27'),(28683772,17,102.99,1,'2021-01-04'),(28691665,10,310.64,2,'2020-03-05'),(28701992,17,91.75,5,'2021-04-01'),(28742208,5,169.5,6,'2020-02-26'),(28808572,12,44.04,5,'2020-06-10'),(28811303,17,310.82,3,'2019-05-09'),(28825694,22,125.71,4,'2021-10-26'),(28864864,28,9.33,4,'2019-05-01'),(28872861,7,336.21,2,'2020-10-02'),(28880756,1,301.71,5,'2020-02-17'),(28951627,29,488.27,4,'2021-04-24'),(28962636,24,12.02,3,'2019-06-06'),(28963592,22,95.16,1,'2020-07-26'),(28972021,27,22.6,4,'2019-12-18'),(28974611,4,254.38,4,'2020-01-09'),(29098740,9,361.26,5,'2021-06-08'),(29131275,2,455.18,6,'2020-08-01'),(29213016,24,16.88,4,'2020-01-03'),(29240232,14,455.11,4,'2019-01-31'),(29255156,21,329.73,4,'2019-08-04'),(29261195,29,245.57,2,'2020-09-10'),(29288654,18,75.06,1,'2019-08-28'),(29358930,27,191.54,5,'2021-04-21'),(29375219,25,422.64,1,'2021-02-04'),(29410984,1,247.92,1,'2020-06-07'),(29415439,21,198.28,1,'2020-01-22'),(29439622,21,339.76,3,'2020-02-12'),(29445573,21,368.86,6,'2020-10-31'),(29458591,25,497.8,4,'2021-07-03'),(29516890,1,330.78,3,'2020-06-17'),(29523766,13,349.19,4,'2019-03-21'),(29544814,23,18.19,1,'2021-03-21'),(29625795,12,34.09,5,'2020-12-24'),(29671847,13,251.72,5,'2021-06-19'),(29765609,9,54.05,1,'2019-06-08'),(29826454,13,470.41,6,'2019-12-02'),(29840713,19,101.48,4,'2021-10-19'),(29879947,14,145.16,3,'2019-11-04'),(29888174,1,179.06,1,'2020-10-03'),(29928422,11,320.45,2,'2020-07-12'),(29934285,13,429.42,4,'2019-12-09'),(30021056,9,486.24,4,'2021-01-04'),(30033454,23,391.95,6,'2019-10-24'),(30037624,10,468.32,3,'2020-07-05'),(30048050,11,184.76,4,'2020-11-25'),(30101381,11,234.15,2,'2021-07-13'),(30122783,1,220.01,5,'2019-06-22'),(30137682,23,201.03,6,'2020-05-06'),(30150024,12,249.71,3,'2021-06-06'),(30171306,7,287.74,6,'2021-10-18'),(30215201,12,77.61,4,'2019-10-02'),(30217048,18,494.84,6,'2019-11-20'),(30231248,14,278.56,5,'2019-07-23'),(30239348,3,456.26,2,'2019-02-27'),(30254717,9,346.85,2,'2020-05-23'),(30284608,28,23,4,'2019-07-01'),(30352476,29,185.21,6,'2021-05-15'),(30383076,20,319.22,3,'2019-12-27'),(30425305,13,343.89,1,'2019-12-30'),(30425544,5,172.43,4,'2021-07-17'),(30429026,18,370.84,2,'2019-10-23'),(30457445,20,349.99,6,'2021-04-08'),(30483618,4,248.87,4,'2019-09-09'),(30588501,22,337.47,3,'2019-10-25'),(30649818,19,459.28,1,'2020-12-26'),(30650647,3,116.99,4,'2019-05-18'),(30659838,1,378.96,4,'2021-01-15'),(30691249,24,219.78,1,'2020-11-06'),(30695150,17,449.53,2,'2020-08-15'),(30705302,3,334.25,6,'2020-08-03'),(30730403,8,163.94,2,'2021-07-13'),(30747427,16,219.04,4,'2021-07-06'),(30769890,4,157.2,5,'2019-03-19'),(30793381,27,222.56,4,'2021-07-21'),(30796680,15,78.13,1,'2020-10-10'),(30915046,29,211.01,3,'2019-08-22'),(31023007,4,359.5,1,'2020-03-17'),(31049837,22,239.24,2,'2021-10-04'),(31062060,13,473.53,3,'2021-07-14'),(31073686,25,266.43,1,'2019-04-07'),(31139893,18,152.64,4,'2019-07-21'),(31153370,9,443.91,3,'2020-11-16'),(31192836,12,53.06,6,'2021-05-16'),(31238267,8,259.43,2,'2020-02-04'),(31281165,12,220.67,6,'2019-06-28'),(31333047,25,124.35,1,'2019-05-05'),(31354794,7,402.12,3,'2019-12-17'),(31422957,8,232.65,4,'2019-09-19'),(31425427,3,263.62,5,'2019-02-13'),(31445660,13,312.29,2,'2019-03-06'),(31474869,17,382.88,1,'2020-09-02'),(31506655,14,364.53,6,'2020-05-16'),(31566841,6,92.42,5,'2020-05-19'),(31574993,16,120.46,2,'2020-09-21'),(31619751,12,91.32,2,'2020-06-07'),(31624561,21,478.34,3,'2020-07-22'),(31831275,17,107.54,5,'2020-02-16'),(31935194,18,172.43,5,'2019-04-20'),(31982704,5,231.47,5,'2019-06-06'),(31987581,26,489.94,6,'2019-09-21'),(31988483,17,166.98,3,'2021-01-13'),(31991034,21,95.51,5,'2020-12-05'),(31994174,2,346.5,3,'2021-09-11'),(32088074,3,497.98,6,'2020-09-12'),(32103070,26,365.22,4,'2020-10-18'),(32187316,6,465.93,5,'2019-12-02'),(32298267,25,142.15,2,'2020-07-17'),(32444744,25,400.37,3,'2019-04-04'),(32484222,2,369.42,5,'2020-03-14'),(32555779,20,173.28,3,'2021-10-15'),(32569416,5,333.07,1,'2019-01-03'),(32612980,4,133.49,3,'2019-06-30'),(32713825,19,18.91,2,'2021-07-01'),(32762241,26,105.88,1,'2020-08-03'),(32790122,15,309.59,1,'2021-08-19'),(32794442,5,442.76,6,'2021-05-10'),(32818172,15,299.07,6,'2019-05-08'),(32823270,15,1.62,6,'2020-05-01'),(32859576,18,497.5,2,'2021-04-10'),(32866152,3,347.96,3,'2021-06-27'),(32881593,18,112.34,5,'2021-03-08'),(32906008,19,451.65,6,'2019-07-04'),(32923707,7,229.76,3,'2020-03-02'),(32931638,16,360.4,4,'2021-08-22'),(32957447,8,60.75,3,'2021-05-30'),(33017161,22,429.3,6,'2019-02-15'),(33019107,12,143.25,1,'2020-09-07'),(33030592,11,359.42,2,'2019-06-22'),(33083728,11,248.42,3,'2020-06-23'),(33093812,29,277.82,5,'2019-11-03'),(33105370,1,326.55,6,'2020-02-05'),(33139213,6,129.68,2,'2021-08-19'),(33163924,18,447.73,2,'2020-02-07'),(33186126,6,343.7,3,'2020-05-29'),(33210657,18,310.76,4,'2019-09-12'),(33242031,27,454.66,4,'2020-01-20'),(33266924,26,239.94,1,'2019-10-15'),(33317956,16,211.61,4,'2019-08-05'),(33376296,19,372.96,2,'2021-04-21'),(33485081,9,348.93,6,'2020-10-30'),(33504569,20,409.73,2,'2019-01-15'),(33552125,1,444.3,2,'2021-08-12'),(33574177,15,381.95,1,'2020-03-30'),(33583615,29,160.21,1,'2019-01-28'),(33608988,5,380.08,5,'2019-03-25'),(33641309,15,372.81,2,'2021-03-14'),(33669326,7,286.93,6,'2020-07-17'),(33794985,12,204.46,6,'2020-03-17'),(33799108,14,78.06,1,'2020-08-12'),(33800573,5,408.85,2,'2021-03-21'),(33848518,23,103.77,6,'2021-01-21'),(33853744,10,15.06,5,'2020-12-26'),(33860236,10,179.73,5,'2021-02-17'),(33897495,11,349.89,5,'2019-09-16'),(33944652,27,443.48,2,'2021-08-20'),(33994887,11,55.24,1,'2019-05-07'),(34062873,15,247.32,1,'2021-10-04'),(34065086,20,79,1,'2020-01-17'),(34078724,2,357.24,3,'2020-09-03'),(34158419,28,187.63,1,'2020-02-25'),(34311845,6,446.88,2,'2021-08-16'),(34312025,5,170.31,4,'2020-02-15'),(34320506,7,328.66,3,'2020-12-24'),(34325587,11,361.04,2,'2021-05-08'),(34340561,25,491.45,4,'2020-06-21'),(34367858,21,439.92,4,'2021-05-29'),(34374727,15,173.24,1,'2020-10-20'),(34454142,8,473.15,4,'2020-03-11'),(34468911,7,283.77,3,'2020-09-28'),(34470488,22,49.8,4,'2021-10-09'),(34591163,7,355.34,4,'2020-07-19'),(34595619,11,214.65,1,'2019-06-18'),(34635873,22,150.62,5,'2021-02-23'),(34664830,23,93.87,4,'2019-12-19'),(34781747,16,104.47,2,'2019-03-21'),(34796428,13,200.95,3,'2020-08-20'),(34802446,12,62.59,2,'2021-08-11'),(34817895,22,156.55,5,'2019-12-16'),(34887256,14,350.16,3,'2019-11-02'),(34890452,21,262.61,2,'2021-03-31'),(34897439,18,94.95,4,'2021-10-30'),(34918323,16,493.17,4,'2021-10-02'),(35031376,23,195.85,5,'2020-08-08'),(35035240,10,351.5,4,'2020-08-21'),(35069939,6,379.99,3,'2019-02-10'),(35161286,27,268.39,6,'2020-05-16'),(35175199,29,265.88,3,'2020-03-29'),(35218035,26,351.34,5,'2020-04-30'),(35218170,14,341.12,4,'2021-04-24'),(35253333,20,201.91,1,'2020-08-04'),(35264099,12,453.2,2,'2021-05-04'),(35271029,28,331.22,1,'2019-04-25'),(35326744,12,266.99,2,'2021-01-07'),(35398133,16,279.29,2,'2021-03-27'),(35408668,23,331.84,1,'2019-07-07'),(35460189,18,231.88,2,'2021-06-19'),(35462985,21,13.54,3,'2020-12-13'),(35470282,14,377.4,4,'2020-10-29'),(35475523,19,231.11,3,'2020-06-10'),(35490961,27,129.43,6,'2019-03-21'),(35522337,16,168.36,5,'2019-03-29'),(35591129,27,485.08,4,'2020-11-24'),(35601903,17,129.43,2,'2021-05-15'),(35777983,13,51.37,2,'2019-11-30'),(35821792,6,447.6,1,'2019-12-08'),(35897448,15,491.55,1,'2020-05-29'),(35902844,22,370.23,5,'2019-03-20'),(35953042,25,104,4,'2021-08-21'),(35976814,21,211.41,6,'2021-02-18'),(35980209,16,244.96,2,'2019-03-31'),(36007524,11,293.26,2,'2019-07-17'),(36009499,18,491.92,4,'2020-01-16'),(36012570,5,238.83,4,'2020-11-21'),(36081797,25,190.03,1,'2019-01-08'),(36101827,27,438.16,3,'2021-10-27'),(36123774,10,331.05,1,'2020-07-21'),(36182587,6,325.38,2,'2020-04-30'),(36212648,25,258.2,6,'2021-05-25'),(36279338,18,414.97,1,'2021-06-28'),(36296072,1,29.45,1,'2020-12-17'),(36344768,21,16.27,5,'2021-01-17'),(36400225,7,274.24,6,'2021-03-05'),(36420986,15,48.18,2,'2021-05-02'),(36439448,4,117.2,1,'2019-08-17'),(36498315,27,354.54,6,'2019-03-14'),(36514122,3,408.91,3,'2019-09-03'),(36523556,9,470.22,6,'2021-04-25'),(36542748,20,441.14,6,'2019-04-01'),(36544860,16,251.29,4,'2020-12-11'),(36558440,5,168.38,1,'2021-10-24'),(36589646,25,382.47,4,'2019-02-17'),(36622123,13,152.31,5,'2021-08-07'),(36658054,5,43.58,6,'2020-03-25'),(36697277,11,371.84,2,'2019-10-29'),(36700332,24,412.11,4,'2020-06-27'),(36738946,22,66.35,6,'2019-08-27'),(36740895,22,82.49,2,'2019-10-03'),(36793821,22,123.38,4,'2019-08-25'),(36834949,26,15.19,6,'2020-04-08'),(36838007,28,448.66,5,'2020-04-28'),(36853342,29,323.09,2,'2020-09-26'),(36867458,2,126.57,6,'2020-12-10'),(36931799,6,445.91,6,'2020-06-22'),(36958567,29,221.45,1,'2020-03-31'),(37065151,20,203.12,2,'2020-12-20'),(37155245,4,405.25,6,'2021-07-14'),(37158662,11,215.53,4,'2021-02-23'),(37233784,13,218.9,6,'2020-11-11'),(37241326,28,350.26,2,'2019-09-13'),(37247872,5,80.22,6,'2020-10-30'),(37265889,13,395.91,2,'2020-11-24'),(37270125,16,410.52,4,'2019-01-27'),(37272737,5,316.04,4,'2021-10-24'),(37287539,18,305.61,6,'2020-06-14'),(37290147,20,441.82,1,'2019-10-20'),(37300487,3,430.44,1,'2020-09-22'),(37304917,10,37.32,4,'2019-05-19'),(37320138,26,40.62,5,'2021-05-20'),(37351862,12,2.79,1,'2021-05-29'),(37390386,28,400.19,5,'2019-06-16'),(37419207,16,125.36,6,'2020-03-07'),(37423101,2,216.18,6,'2020-01-23'),(37455608,27,494.47,4,'2019-03-14'),(37458155,16,85.54,5,'2019-03-03'),(37462610,21,154.13,5,'2019-09-11'),(37492721,2,137.33,4,'2019-12-10'),(37529569,20,498.53,2,'2021-10-24'),(37582867,11,257.03,1,'2020-03-04'),(37594007,11,311.01,2,'2021-04-25'),(37628744,15,43.61,5,'2019-06-07'),(37632948,12,373.64,2,'2021-01-18'),(37653633,13,179.51,3,'2020-09-14'),(37657728,23,194.99,6,'2020-03-15'),(37665240,5,336.9,5,'2021-10-29'),(37804105,15,482.26,4,'2020-12-09'),(37880153,26,92.32,4,'2021-02-23'),(37892105,18,37.2,2,'2021-08-25'),(37907710,4,69.78,3,'2019-06-04'),(37927785,19,430.47,3,'2019-09-06'),(37970806,28,92.39,1,'2019-01-29'),(38004208,28,79.35,5,'2019-12-30'),(38010933,21,340.08,6,'2020-04-20'),(38038552,29,334.47,2,'2020-05-09'),(38094314,15,71.44,1,'2019-01-13'),(38095811,10,424.55,6,'2019-07-14'),(38105909,7,286.43,1,'2021-10-05'),(38120200,11,117.41,5,'2021-01-08'),(38137048,18,287.74,1,'2020-03-31'),(38148330,11,332.96,4,'2019-03-20'),(38155107,4,238.17,1,'2019-11-01'),(38162118,13,214.43,6,'2019-05-05'),(38234998,15,194.68,2,'2020-07-21'),(38292801,6,111.36,3,'2019-10-02'),(38319963,7,186.2,3,'2020-04-06'),(38347792,6,231.2,4,'2021-06-21'),(38384971,11,361.47,5,'2020-05-20'),(38417096,18,111.37,4,'2020-05-15'),(38470055,14,5.7,2,'2020-04-28'),(38500352,13,451.9,4,'2021-07-12'),(38505911,11,115.73,5,'2019-01-27'),(38525667,22,190.41,1,'2021-05-23'),(38546736,23,213.85,1,'2020-11-04'),(38571106,8,279.08,5,'2021-09-05'),(38672490,5,483.91,2,'2020-05-27'),(38680330,8,250.2,5,'2020-06-14'),(38680701,6,348.84,1,'2019-11-13'),(38752508,27,423.84,6,'2021-10-25'),(38801568,13,21.08,3,'2020-01-08'),(38809546,12,7.62,4,'2021-08-29'),(38814064,21,376.65,3,'2019-08-23'),(38929432,17,344.38,4,'2021-04-20'),(38961578,2,164.41,2,'2020-07-22'),(38978158,15,270.2,2,'2019-10-24'),(39167414,22,390.92,5,'2020-11-28'),(39192582,2,379.12,1,'2021-06-22'),(39196415,28,206.35,3,'2019-04-27'),(39235046,11,182.9,2,'2020-04-23'),(39267256,11,497.43,1,'2021-08-29'),(39359673,25,12.77,3,'2021-04-01'),(39550740,17,56.76,2,'2020-09-13'),(39555940,17,160.07,3,'2021-10-11'),(39560974,9,421.35,1,'2019-01-22'),(39566550,12,381.35,3,'2021-08-20'),(39577067,1,206.92,6,'2021-06-12'),(39621820,18,169.24,2,'2021-03-04'),(39623365,23,237.71,3,'2020-12-01'),(39685428,6,80.04,6,'2019-11-25'),(39709785,20,116.85,3,'2020-07-29'),(39742246,11,196.59,3,'2020-03-21'),(39777127,26,22.12,6,'2021-08-28'),(39837406,1,495.57,4,'2021-05-09'),(39850376,16,74.84,4,'2021-04-10'),(39933055,4,478.45,1,'2021-06-02'),(39959124,10,22.98,3,'2020-12-19'),(39962471,22,2.14,4,'2019-11-19'),(39995801,28,200.59,1,'2020-04-03'),(40058594,27,304.64,3,'2021-05-22'),(40081601,25,232.26,3,'2021-01-19'),(40132911,25,233.36,6,'2021-09-09'),(40133097,29,121.9,2,'2021-07-01'),(40163760,22,62.78,2,'2020-12-07'),(40171788,29,488.14,4,'2020-03-14'),(40220724,17,8.79,4,'2019-08-26'),(40304015,17,376.55,5,'2019-04-18'),(40314218,13,235.16,6,'2021-04-10'),(40362319,27,110.16,6,'2020-06-03'),(40377122,12,498.62,2,'2021-01-15'),(40383551,29,433.52,3,'2020-03-05'),(40384338,19,55.85,6,'2020-04-29'),(40390750,25,186.74,4,'2019-09-18'),(40442331,29,284.38,3,'2021-08-15'),(40575229,16,89.39,2,'2020-07-13'),(40588435,29,208.83,5,'2019-09-26'),(40638074,17,378.18,6,'2019-10-28'),(40653661,4,259.54,6,'2021-02-23'),(40762716,7,491.98,6,'2021-06-27'),(40816322,27,181.79,1,'2019-07-19'),(40827043,2,230.02,4,'2019-02-25'),(40831457,12,25.06,2,'2019-04-02'),(40931465,14,349.85,6,'2020-08-02'),(40985683,27,258.97,2,'2020-03-16'),(41015775,3,43.17,1,'2021-01-28'),(41018846,10,239.1,6,'2019-03-10'),(41137049,23,155.01,2,'2019-10-30'),(41160805,23,324.62,6,'2021-04-14'),(41188247,5,462.63,1,'2019-03-29'),(41301891,16,44.68,3,'2019-09-09'),(41310079,25,183.13,6,'2019-09-16'),(41338867,21,1.58,2,'2020-07-11'),(41415071,1,447.88,6,'2020-03-23'),(41533238,29,437.65,5,'2019-06-03'),(41585888,8,193.11,1,'2019-02-28'),(41620471,29,461.99,5,'2020-04-21'),(41645608,25,476.15,5,'2019-05-08'),(41650267,22,112.93,3,'2020-06-23'),(41688808,14,429.69,6,'2021-07-27'),(41713313,1,431.36,6,'2019-05-13'),(41760515,19,192,5,'2020-10-14'),(41811695,8,396.8,3,'2019-01-03'),(41818188,17,70.21,3,'2019-05-20'),(41818905,9,463.54,6,'2019-12-05'),(41840856,6,126.89,6,'2020-11-24'),(41841531,13,79.77,4,'2021-05-24'),(41848301,29,148.59,1,'2020-09-04'),(41852361,13,410.16,5,'2021-07-19'),(41871714,20,437.85,1,'2020-10-12'),(41879163,7,407.13,5,'2019-05-26'),(41880921,15,227.3,1,'2020-08-20'),(41890736,17,55.83,1,'2019-10-23'),(41901307,9,129.53,1,'2021-05-21'),(41996729,21,369.94,6,'2019-05-30'),(42066777,6,275.76,6,'2020-12-27'),(42092496,21,354.79,5,'2021-04-24'),(42119682,9,298.67,4,'2020-11-08'),(42159168,24,466.35,5,'2021-04-08'),(42180357,12,218.87,6,'2019-05-15'),(42208532,14,115.74,4,'2019-12-31'),(42279958,21,413.72,5,'2019-03-20'),(42285213,24,279.56,2,'2019-10-13'),(42304012,7,426.9,1,'2019-10-10'),(42315225,6,292.91,4,'2020-09-27'),(42318606,22,210.29,3,'2020-12-09'),(42344877,25,151.73,5,'2019-05-31'),(42378323,14,91.34,3,'2019-02-06'),(42419430,27,236.13,2,'2020-06-17'),(42482259,23,135.91,2,'2021-09-29'),(42500771,3,131.94,2,'2019-02-28'),(42516022,8,367.77,3,'2021-11-01'),(42517628,9,347.83,1,'2020-07-19'),(42525000,26,12.75,4,'2020-02-03'),(42533490,14,96.47,6,'2021-05-17'),(42613812,8,248.8,5,'2019-11-09'),(42650736,5,346.51,2,'2021-09-12'),(42711190,18,299.74,5,'2020-06-23'),(42761686,17,76.38,3,'2019-10-29'),(42831100,14,82.49,6,'2020-09-14'),(42892956,2,295.91,5,'2019-10-11'),(42916637,24,331.4,5,'2021-04-22'),(42929549,27,183.86,6,'2020-01-13'),(42982252,23,217.39,3,'2019-06-26'),(42987154,26,29.12,2,'2019-01-02'),(43042209,22,321.56,2,'2021-04-18'),(43076923,22,402.3,1,'2019-03-01'),(43077551,10,10.56,5,'2021-08-26'),(43108653,25,141.73,5,'2019-05-06'),(43126375,21,250.18,3,'2021-10-26'),(43149104,1,486.41,5,'2021-10-12'),(43192915,29,221.17,5,'2020-08-02'),(43226444,23,448.51,1,'2019-10-15'),(43230396,25,235.24,5,'2021-03-05'),(43268192,21,470.13,1,'2019-10-31'),(43288239,5,411.28,3,'2021-07-15'),(43400528,28,308.86,5,'2021-06-04'),(43432828,15,489.59,2,'2020-10-02'),(43436967,29,429.85,5,'2020-04-22'),(43445594,1,103.12,3,'2020-11-08'),(43467496,20,475.59,4,'2020-07-24'),(43485159,8,204.96,3,'2021-01-14'),(43495259,9,456.01,5,'2021-07-01'),(43505771,10,277.34,6,'2021-10-01'),(43557117,11,225.77,3,'2020-03-24'),(43584381,27,165.39,3,'2019-02-09'),(43590430,18,340.14,1,'2019-01-10'),(43618500,12,431.14,3,'2020-06-11'),(43731461,7,387.53,6,'2021-11-01'),(43761663,17,66.61,4,'2020-05-11'),(43775598,21,399.37,6,'2019-07-21'),(43792336,13,346.15,5,'2020-11-15'),(43816322,25,105.85,1,'2020-03-08'),(43846563,11,52.15,6,'2019-07-10'),(43847188,8,165.97,2,'2019-04-14'),(43897867,21,431.69,6,'2020-07-26'),(43992032,15,443.35,5,'2020-05-08'),(44068052,20,431.7,6,'2020-09-02'),(44103749,10,125.7,1,'2021-10-06'),(44176573,29,236.62,2,'2021-09-10'),(44179422,9,212.65,3,'2020-04-22'),(44191610,27,93.79,1,'2019-06-20'),(44290986,11,13.04,6,'2020-05-20'),(44305459,29,127.64,5,'2021-02-09'),(44365672,19,432.91,4,'2019-07-12'),(44394458,7,427.25,1,'2021-10-04'),(44407095,25,177.84,5,'2020-03-25'),(44454011,18,6.6,6,'2020-01-25'),(44457131,28,44.03,2,'2019-02-16'),(44528944,27,24.36,2,'2019-08-15'),(44533743,24,210.86,4,'2021-07-02'),(44542224,29,33.49,1,'2019-08-22'),(44544881,28,36.99,1,'2019-09-18'),(44560185,1,28.66,1,'2019-11-04'),(44657789,26,209.15,1,'2020-11-13'),(44669787,21,306.74,6,'2019-02-26'),(44755087,16,1.26,5,'2020-05-05'),(44779080,5,206.01,5,'2021-02-14'),(44810202,6,90.45,3,'2021-04-10'),(44811750,2,388.78,3,'2021-04-27'),(44818437,26,455.07,5,'2019-08-10'),(44883610,7,189.04,2,'2020-05-19'),(44886260,27,45.37,2,'2021-08-08'),(44933749,12,138.75,6,'2021-01-19'),(44967124,10,140.89,5,'2020-09-29'),(44972670,16,317.16,5,'2021-10-15'),(45003380,6,158.46,4,'2019-10-25'),(45006780,17,348.73,5,'2019-02-07'),(45043571,24,33.76,1,'2020-03-20'),(45059708,19,336.06,5,'2019-03-28'),(45085449,18,207.69,3,'2020-11-13'),(45098429,23,400.26,4,'2019-11-18'),(45140989,27,348.6,3,'2019-03-24'),(45164776,9,345.15,1,'2021-01-07'),(45217572,21,133.49,3,'2019-10-12'),(45220549,4,273.03,6,'2021-03-22'),(45244466,1,421.16,1,'2021-08-06'),(45293371,4,230.94,1,'2021-09-17'),(45304317,7,145.4,5,'2019-10-14'),(45360552,22,493.75,1,'2021-04-14'),(45378091,4,284.5,1,'2020-05-11'),(45390970,22,193.75,6,'2019-11-11'),(45431729,15,95.74,5,'2019-05-14'),(45499083,2,136.69,6,'2020-11-08'),(45506233,25,412.04,2,'2021-10-05'),(45511177,20,228.16,5,'2021-02-13'),(45586621,10,415.89,2,'2021-10-07'),(45679283,9,241.69,4,'2019-10-07'),(45693913,22,278.83,1,'2020-09-14'),(45721166,25,320.11,4,'2019-04-15'),(45765641,14,278.6,1,'2021-03-31'),(45797519,8,197.85,2,'2019-11-04'),(45800295,13,472.71,5,'2020-12-24'),(45800522,22,197.93,1,'2021-07-31'),(45973969,5,398.82,5,'2020-04-05'),(45991134,15,392.39,1,'2021-07-07'),(45998613,16,100.17,5,'2020-02-27'),(46013378,2,433.13,3,'2019-11-25'),(46018209,25,78.86,2,'2019-03-31'),(46086839,16,415.23,4,'2020-03-13'),(46157064,1,90.17,3,'2021-08-27'),(46160294,16,376.46,2,'2020-03-07'),(46204300,11,21.65,3,'2020-04-20'),(46241782,17,57.39,6,'2021-06-16'),(46278209,2,404.91,4,'2019-08-31'),(46280466,14,206.89,1,'2020-11-13'),(46301151,29,374.77,6,'2021-01-26'),(46307540,13,62.67,2,'2020-07-27'),(46329567,2,382.81,2,'2020-02-10'),(46342815,24,145.71,1,'2019-10-24'),(46366596,16,151.55,1,'2021-09-22'),(46432461,17,465.59,6,'2021-07-12'),(46452737,4,392.54,5,'2021-10-29'),(46534670,19,136.53,2,'2020-07-11'),(46568153,19,110.42,6,'2021-10-11'),(46596759,12,475.04,1,'2019-11-05'),(46606119,28,457.24,4,'2020-06-19'),(46695282,26,258.11,1,'2020-08-01'),(46722407,19,361.59,1,'2019-08-28'),(46728111,4,190.66,6,'2021-04-07'),(46743325,4,250.83,1,'2020-04-07'),(46845865,13,110.37,3,'2020-06-19'),(46896528,11,133.81,5,'2020-08-06'),(46898253,2,177.26,5,'2019-08-30'),(46937558,21,211.78,6,'2021-08-19'),(46988726,11,198.73,3,'2020-12-26'),(46995580,7,127.19,5,'2019-11-19'),(47040010,10,225.15,4,'2019-08-14'),(47045534,15,294.8,1,'2020-07-25'),(47063060,6,210.34,2,'2019-06-22'),(47089568,9,454.12,1,'2019-04-08'),(47113606,10,251.9,3,'2019-04-02'),(47119768,24,225.69,6,'2021-07-25'),(47125781,6,25.71,6,'2019-12-25'),(47137090,5,50.2,2,'2019-11-25'),(47189931,15,214.59,4,'2021-08-13'),(47193360,7,123.98,5,'2021-10-05'),(47231456,5,330.43,2,'2020-10-27'),(47249790,24,349.3,2,'2020-07-09'),(47273874,18,368.83,6,'2021-05-14'),(47306409,7,73,2,'2021-09-21'),(47373914,4,383.69,6,'2019-04-06'),(47463848,7,386.37,3,'2019-02-10'),(47475740,26,494.53,4,'2019-11-02'),(47502154,24,207.05,2,'2020-11-02'),(47529460,18,72.33,2,'2020-03-25'),(47536004,2,127.24,2,'2020-03-11'),(47599613,15,95.02,4,'2019-12-15'),(47602200,12,323.26,3,'2019-08-18'),(47608765,28,101.37,4,'2019-07-12'),(47614265,28,73.21,4,'2019-11-30'),(47614818,11,381.22,1,'2021-09-24'),(47699127,21,403.65,2,'2020-08-27'),(47702080,2,103.07,5,'2021-07-28'),(47749103,6,452.31,6,'2020-10-25'),(47750588,3,250.46,2,'2020-10-21'),(47752187,5,291.91,1,'2019-09-26'),(47774988,19,271.81,1,'2019-03-07'),(47795003,22,453.71,2,'2019-01-18'),(47841495,1,165.38,5,'2020-07-13'),(47847619,12,191.52,2,'2019-04-09'),(47892730,18,371.16,2,'2020-11-02'),(47900391,10,428.87,1,'2021-08-12'),(47936530,9,438.33,2,'2021-03-01'),(47965315,29,173.25,6,'2019-10-22'),(47976366,3,395.26,2,'2019-09-21'),(48003761,14,440.64,2,'2020-12-31'),(48029852,12,213.91,4,'2021-08-18'),(48054441,7,355.8,4,'2019-07-19'),(48086294,26,27.97,5,'2021-01-03'),(48105620,10,249.85,2,'2019-02-27'),(48160730,26,462.21,6,'2019-10-02'),(48160801,26,31.49,4,'2019-01-12'),(48193581,16,479.13,1,'2020-01-17'),(48228531,17,204.42,5,'2021-09-28'),(48233637,26,133.76,2,'2021-05-09'),(48452603,1,232.78,5,'2021-05-25'),(48520757,21,422.03,5,'2021-05-14'),(48556770,14,46.47,4,'2019-03-20'),(48559375,7,46.77,4,'2019-04-06'),(48602559,10,265.12,4,'2020-04-07'),(48682427,25,458.77,2,'2020-04-06'),(48730905,9,236.1,3,'2021-11-02'),(48739248,11,332.01,2,'2021-08-18'),(48742022,4,343.69,1,'2019-01-20'),(48894823,17,59.06,5,'2021-04-02'),(48898470,8,283.37,1,'2020-10-01'),(48921158,12,99.25,2,'2020-03-18'),(48976756,4,275.4,6,'2019-08-22'),(48978861,20,351.06,6,'2020-11-30'),(49053099,20,255.16,4,'2020-07-30'),(49074348,10,428.32,2,'2020-11-06'),(49080065,28,234.25,1,'2019-02-20'),(49110166,22,48.6,4,'2019-03-24'),(49113834,9,106.53,1,'2021-02-26'),(49158772,7,211.67,1,'2021-07-11'),(49258803,10,148.95,2,'2020-11-18'),(49359669,9,181.56,6,'2020-12-19'),(49388677,25,259.93,3,'2020-11-09'),(49433796,1,53.2,1,'2019-10-30'),(49441972,5,44.32,5,'2020-05-09'),(49442947,29,140.01,3,'2020-02-27'),(49454780,14,490.2,6,'2021-01-05'),(49479169,28,283.26,5,'2021-07-08'),(49549535,20,430.14,2,'2020-03-03'),(49580605,6,99.6,1,'2019-12-07'),(49662358,12,89.41,4,'2019-04-24'),(49685392,18,464.61,1,'2019-07-14'),(49739668,21,303.22,6,'2021-01-26'),(49747767,20,135.5,5,'2019-02-13'),(49765522,2,460.97,1,'2019-01-27'),(49780154,21,183.89,4,'2021-09-10'),(49784842,4,210.87,1,'2020-09-17'),(49804738,8,406.73,3,'2021-07-12'),(49856218,27,5.35,6,'2019-02-18'),(49885740,8,289.35,3,'2019-06-28'),(49888067,9,347.25,2,'2019-12-05'),(49893884,4,456.42,1,'2021-02-07'),(49903161,6,458.63,6,'2019-06-16'),(49999279,26,342.46,1,'2020-06-16'),(50010526,24,52.07,5,'2019-09-30'),(50059682,3,354.56,2,'2020-07-02'),(50097719,10,371.88,6,'2021-04-10'),(50121358,3,231.31,2,'2020-09-04'),(50172399,1,473.12,6,'2019-10-04'),(50192344,5,256.86,1,'2019-04-14'),(50214703,22,474.67,3,'2021-05-02'),(50250719,5,320.32,5,'2021-09-02'),(50268034,5,32.64,2,'2019-09-12'),(50270461,3,435.57,2,'2020-10-12'),(50277554,9,211.84,1,'2019-06-18'),(50300275,5,172.94,6,'2021-06-23'),(50348059,24,381.39,2,'2019-09-04'),(50382990,4,386.32,1,'2021-08-16'),(50426601,24,48.28,4,'2020-08-17'),(50534265,26,169.39,4,'2020-03-18'),(50537356,17,125.52,1,'2020-06-19'),(50542549,24,460.66,6,'2019-01-12'),(50566742,19,375.36,3,'2021-04-05'),(50568196,20,80,1,'2019-04-14'),(50625219,13,259.45,2,'2019-06-10'),(50664376,5,116.38,3,'2019-01-20'),(50691335,20,410.41,5,'2020-03-29'),(50700756,8,409.7,2,'2021-05-08'),(50712420,2,397.69,6,'2021-04-15'),(50716065,6,346.43,4,'2021-06-12'),(50733388,22,183.32,4,'2019-02-06'),(50775478,15,12.9,4,'2020-01-23'),(50788952,16,199.8,3,'2021-06-30'),(50837874,1,322.71,5,'2019-02-28'),(50838040,14,68.26,1,'2020-12-30'),(50865835,1,183.57,3,'2019-09-05'),(50891860,9,383.31,5,'2021-02-11'),(50944522,8,341.33,3,'2020-01-17'),(50964256,19,494.58,4,'2020-11-04'),(50972202,10,63.78,6,'2021-03-04');
/*!40000 ALTER TABLE `ticket` ENABLE KEYS */;
UNLOCK TABLES;

--
-- Table structure for table `train`
--

DROP TABLE IF EXISTS `train`;
/*!40101 SET @saved_cs_client     = @@character_set_client */;
/*!50503 SET character_set_client = utf8mb4 */;
CREATE TABLE `train` (
  `train_num` int NOT NULL,
  `train_type` varchar(45) DEFAULT NULL,
  `train_car_length` int DEFAULT NULL,
  `train_capacity` int DEFAULT NULL,
  `bike_car_length` int DEFAULT NULL,
  `bike_capacity` int DEFAULT NULL,
  `service_type` varchar(45) DEFAULT NULL,
  PRIMARY KEY (`train_num`),
  UNIQUE KEY `train_num_UNIQUE` (`train_num`)
) ENGINE=InnoDB DEFAULT CHARSET=utf8mb4 COLLATE=utf8mb4_0900_ai_ci;
/*!40101 SET character_set_client = @saved_cs_client */;

--
-- Dumping data for table `train`
--

LOCK TABLES `train` WRITE;
/*!40000 ALTER TABLE `train` DISABLE KEYS */;
INSERT INTO `train` VALUES (101,'Gallery',5,650,2,80,'Local'),(102,'Gallery',6,760,2,80,'Local'),(103,'Gallery',5,650,2,80,'Local'),(104,'Gallery',6,760,2,80,'Local'),(113,'Gallery',5,650,2,80,'Local'),(114,'Gallery',5,650,2,80,'Local'),(123,'Bombardier',6,760,3,72,'Local'),(124,'Gallery',5,650,2,80,'Local'),(133,'Gallery',6,760,2,80,'Local'),(134,'Bombardier',6,760,3,72,'Local'),(138,'Gallery',5,650,2,80,'Local'),(139,'Gallery',5,650,2,80,'Local'),(140,'Gallery',5,650,2,80,'Local'),(141,'Gallery',5,650,2,80,'Local'),(142,'Gallery',5,650,2,80,'Local'),(143,'Bombardier',6,760,3,72,'Local'),(144,'Gallery',5,650,2,80,'Local'),(145,'Gallery',5,650,2,80,'Local'),(146,'Gallery',5,650,2,80,'Local'),(147,'Gallery',5,650,2,80,'Local'),(148,'Gallery',5,650,2,80,'Local'),(150,'Gallery',5,650,2,80,'Local'),(151,'Gallery',6,760,2,80,'Local'),(155,'Bombardier',6,760,3,72,'Local'),(159,'Gallery',5,650,2,80,'Local'),(160,'Bombardier',6,760,3,72,'Local'),(169,'Gallery',5,650,2,80,'Local'),(170,'Gallery',6,760,2,80,'Local'),(179,'Bombardier',6,760,3,72,'Local'),(180,'Bombardier',6,760,3,72,'Local'),(189,'Gallery',5,650,2,80,'Local'),(190,'Bombardier',6,760,3,72,'Local'),(191,'Gallery',6,760,2,80,'Local'),(192,'Bombardier',6,760,3,72,'Local'),(193,'Bombardier',6,760,3,72,'Local'),(194,'Gallery',5,650,2,80,'Local'),(195,'Gallery',6,760,2,80,'Local'),(196,'Gallery',6,760,2,80,'Local'),(197,'Gallery',6,760,2,80,'Local'),(198,'Bombardier',6,760,3,72,'Local'),(199,'Bombardier',6,760,3,72,'Local'),(205,'Gallery',5,650,2,80,'Limited A'),(206,'Bombardier',6,760,3,72,'Limited A'),(207,'Gallery',5,650,2,80,'Limited B'),(208,'Gallery',5,650,2,80,'Limited B'),(215,'Gallery',6,760,2,80,'Limited A'),(216,'Gallery',5,650,2,80,'Limited A'),(217,'Bombardier',6,760,3,72,'Limited B'),(218,'Gallery',6,760,2,80,'Limited B'),(225,'Bombardier',6,760,3,72,'Limited A'),(226,'Gallery',5,650,2,80,'Limited A'),(227,'Gallery',6,760,2,80,'Limited B'),(228,'Bombardier',6,760,3,72,'Limited B'),(235,'Gallery',6,760,2,80,'Limited A'),(236,'Bombardier',6,760,3,72,'Limited B'),(237,'Gallery',5,650,2,80,'Limited B'),(252,'Gallery',5,650,2,80,'Limited A'),(254,'Bombardier',6,760,3,72,'Limited B'),(261,'Bombardier',6,760,3,72,'Limited A'),(262,'Gallery',5,650,2,80,'Limited A'),(263,'Gallery',5,650,2,80,'Limited B'),(264,'Gallery',5,650,2,80,'Limited B'),(271,'Gallery',6,760,2,80,'Limited A'),(272,'Gallery',6,760,2,80,'Limited A'),(273,'Gallery',6,760,2,80,'Limited B'),(274,'Gallery',5,650,2,80,'Limited B'),(281,'Bombardier',6,760,3,72,'Limited A'),(282,'Gallery',5,650,2,80,'Limited A'),(283,'Gallery',5,650,2,80,'Limited B'),(284,'Gallery',5,650,2,80,'Limited B');
/*!40000 ALTER TABLE `train` ENABLE KEYS */;
UNLOCK TABLES;

--
-- Table structure for table `train_schedule`
--

DROP TABLE IF EXISTS `train_schedule`;
/*!40101 SET @saved_cs_client     = @@character_set_client */;
/*!50503 SET character_set_client = utf8mb4 */;
CREATE TABLE `train_schedule` (
  `schedule_id` varchar(15) NOT NULL,
  `station_id` int DEFAULT NULL,
  `train_num` int DEFAULT NULL,
  `direction` tinytext,
  `departure` tinytext,
  PRIMARY KEY (`schedule_id`),
  KEY `train_id_fk_idx` (`train_num`),
  KEY `station_id_fk_idx` (`station_id`),
  CONSTRAINT `station_id_fk` FOREIGN KEY (`station_id`) REFERENCES `station` (`station_id`) ON DELETE RESTRICT ON UPDATE RESTRICT,
  CONSTRAINT `train_id_fk` FOREIGN KEY (`train_num`) REFERENCES `train` (`train_num`) ON DELETE RESTRICT ON UPDATE RESTRICT
) ENGINE=InnoDB DEFAULT CHARSET=utf8mb4 COLLATE=utf8mb4_0900_ai_ci;
/*!40101 SET character_set_client = @saved_cs_client */;

--
-- Dumping data for table `train_schedule`
--

LOCK TABLES `train_schedule` WRITE;
/*!40000 ALTER TABLE `train_schedule` DISABLE KEYS */;
INSERT INTO `train_schedule` VALUES ('ct_101_1',7,101,'NB','1899-12-31 04:28:00'),('ct_101_10',17,101,'NB','1899-12-31 05:10:00'),('ct_101_11',18,101,'NB','1899-12-31 05:15:00'),('ct_101_12',19,101,'NB','1899-12-31 05:18:00'),('ct_101_13',21,101,'NB','1899-12-31 05:25:00'),('ct_101_14',22,101,'NB','1899-12-31 05:28:00'),('ct_101_15',23,101,'NB','1899-12-31 05:32:00'),('ct_101_16',24,101,'NB','1899-12-31 05:37:00'),('ct_101_17',25,101,'NB','1899-12-31 05:41:00'),('ct_101_18',26,101,'NB','1899-12-31 05:45:00'),('ct_101_19',27,101,'NB','1899-12-31 05:52:00'),('ct_101_2',9,101,'NB','1899-12-31 04:34:00'),('ct_101_20',28,101,'NB','1899-12-31 05:57:00'),('ct_101_21',29,101,'NB','1899-12-31 06:03:00'),('ct_101_3',10,101,'NB','1899-12-31 04:40:00'),('ct_101_4',11,101,'NB','1899-12-31 04:44:00'),('ct_101_5',12,101,'NB','1899-12-31 04:49:00'),('ct_101_6',13,101,'NB','1899-12-31 04:53:00'),('ct_101_7',14,101,'NB','1899-12-31 04:57:00'),('ct_101_8',15,101,'NB','1899-12-31 05:01:00'),('ct_101_9',16,101,'NB','1899-12-31 05:04:00'),('ct_102_639',29,102,'SB','1899-12-31 04:51:00'),('ct_102_640',28,102,'SB','1899-12-31 04:56:00'),('ct_102_641',27,102,'SB','1899-12-31 05:01:00'),('ct_102_642',26,102,'SB','1899-12-31 05:08:00'),('ct_102_643',25,102,'SB','1899-12-31 05:12:00'),('ct_102_644',24,102,'SB','1899-12-31 05:16:00'),('ct_102_645',23,102,'SB','1899-12-31 05:21:00'),('ct_102_646',22,102,'SB','1899-12-31 05:25:00'),('ct_102_647',21,102,'SB','1899-12-31 05:28:00'),('ct_102_648',19,102,'SB','1899-12-31 05:35:00'),('ct_102_649',18,102,'SB','1899-12-31 05:39:00'),('ct_102_650',17,102,'SB','1899-12-31 05:43:00'),('ct_102_651',16,102,'SB','1899-12-31 05:49:00'),('ct_102_652',15,102,'SB','1899-12-31 05:53:00'),('ct_102_653',14,102,'SB','1899-12-31 05:56:00'),('ct_102_654',13,102,'SB','1899-12-31 06:01:00'),('ct_102_655',12,102,'SB','1899-12-31 06:05:00'),('ct_102_656',11,102,'SB','1899-12-31 06:10:00'),('ct_102_657',10,102,'SB','1899-12-31 06:14:00'),('ct_102_658',9,102,'SB','1899-12-31 06:20:00'),('ct_102_659',7,102,'SB','1899-12-31 06:27:00'),('ct_103_22',6,103,'NB','1899-12-31 04:56:00'),('ct_103_23',7,103,'NB','1899-12-31 05:03:00'),('ct_103_24',9,103,'NB','1899-12-31 05:09:00'),('ct_103_25',10,103,'NB','1899-12-31 05:15:00'),('ct_103_26',11,103,'NB','1899-12-31 05:19:00'),('ct_103_27',12,103,'NB','1899-12-31 05:24:00'),('ct_103_28',13,103,'NB','1899-12-31 05:28:00'),('ct_103_29',14,103,'NB','1899-12-31 05:32:00'),('ct_103_30',15,103,'NB','1899-12-31 05:36:00'),('ct_103_31',16,103,'NB','1899-12-31 05:39:00'),('ct_103_32',17,103,'NB','1899-12-31 05:45:00'),('ct_103_33',18,103,'NB','1899-12-31 05:50:00'),('ct_103_34',19,103,'NB','1899-12-31 05:53:00'),('ct_103_35',21,103,'NB','1899-12-31 06:00:00'),('ct_103_36',22,103,'NB','1899-12-31 06:03:00'),('ct_103_37',23,103,'NB','1899-12-31 06:07:00'),('ct_103_38',24,103,'NB','1899-12-31 06:12:00'),('ct_103_39',25,103,'NB','1899-12-31 06:16:00'),('ct_103_40',26,103,'NB','1899-12-31 06:20:00'),('ct_103_41',27,103,'NB','1899-12-31 06:27:00'),('ct_103_42',28,103,'NB','1899-12-31 06:32:00'),('ct_103_43',29,103,'NB','1899-12-31 06:38:00'),('ct_104_660',29,104,'SB','1899-12-31 05:25:00'),('ct_104_661',28,104,'SB','1899-12-31 05:30:00'),('ct_104_662',27,104,'SB','1899-12-31 05:35:00'),('ct_104_663',26,104,'SB','1899-12-31 05:42:00'),('ct_104_664',25,104,'SB','1899-12-31 05:46:00'),('ct_104_665',24,104,'SB','1899-12-31 05:50:00'),('ct_104_666',23,104,'SB','1899-12-31 05:55:00'),('ct_104_667',22,104,'SB','1899-12-31 05:59:00'),('ct_104_668',21,104,'SB','1899-12-31 06:02:00'),('ct_104_669',19,104,'SB','1899-12-31 06:09:00'),('ct_104_670',18,104,'SB','1899-12-31 06:13:00'),('ct_104_671',17,104,'SB','1899-12-31 06:17:00'),('ct_104_672',16,104,'SB','1899-12-31 06:23:00'),('ct_104_673',15,104,'SB','1899-12-31 06:27:00'),('ct_104_674',14,104,'SB','1899-12-31 06:30:00'),('ct_104_675',13,104,'SB','1899-12-31 06:35:00'),('ct_104_676',12,104,'SB','1899-12-31 06:39:00'),('ct_104_677',11,104,'SB','1899-12-31 06:44:00'),('ct_104_678',10,104,'SB','1899-12-31 06:49:00'),('ct_104_679',9,104,'SB','1899-12-31 06:55:00'),('ct_104_680',7,104,'SB','1899-12-31 07:04:00'),('ct_104_681',6,104,'SB','1899-12-31 07:09:00'),('ct_113_70',6,113,'NB','1899-12-31 06:19:00'),('ct_113_71',7,113,'NB','1899-12-31 06:26:00'),('ct_113_72',9,113,'NB','1899-12-31 06:32:00'),('ct_113_73',10,113,'NB','1899-12-31 06:38:00'),('ct_113_74',11,113,'NB','1899-12-31 06:42:00'),('ct_113_75',12,113,'NB','1899-12-31 06:48:00'),('ct_113_76',13,113,'NB','1899-12-31 06:51:00'),('ct_113_77',14,113,'NB','1899-12-31 06:56:00'),('ct_113_78',15,113,'NB','1899-12-31 07:00:00'),('ct_113_79',16,113,'NB','1899-12-31 07:04:00'),('ct_113_80',17,113,'NB','1899-12-31 07:09:00'),('ct_113_81',18,113,'NB','1899-12-31 07:14:00'),('ct_113_82',19,113,'NB','1899-12-31 07:17:00'),('ct_113_83',21,113,'NB','1899-12-31 07:25:00'),('ct_113_84',22,113,'NB','1899-12-31 07:29:00'),('ct_113_85',23,113,'NB','1899-12-31 07:32:00'),('ct_113_86',24,113,'NB','1899-12-31 07:37:00'),('ct_113_87',25,113,'NB','1899-12-31 07:42:00'),('ct_113_88',26,113,'NB','1899-12-31 07:46:00'),('ct_113_89',27,113,'NB','1899-12-31 07:52:00'),('ct_113_90',28,113,'NB','1899-12-31 07:58:00'),('ct_113_91',29,113,'NB','1899-12-31 08:04:00'),('ct_114_708',29,114,'SB','1899-12-31 06:33:00'),('ct_114_709',28,114,'SB','1899-12-31 06:38:00'),('ct_114_710',27,114,'SB','1899-12-31 06:44:00'),('ct_114_711',26,114,'SB','1899-12-31 06:50:00'),('ct_114_712',25,114,'SB','1899-12-31 06:54:00'),('ct_114_713',24,114,'SB','1899-12-31 06:59:00'),('ct_114_714',23,114,'SB','1899-12-31 07:04:00'),('ct_114_715',22,114,'SB','1899-12-31 07:07:00'),('ct_114_716',21,114,'SB','1899-12-31 07:11:00'),('ct_114_717',19,114,'SB','1899-12-31 07:18:00'),('ct_114_718',18,114,'SB','1899-12-31 07:22:00'),('ct_114_719',17,114,'SB','1899-12-31 07:27:00'),('ct_114_720',16,114,'SB','1899-12-31 07:33:00'),('ct_114_721',15,114,'SB','1899-12-31 07:37:00'),('ct_114_722',14,114,'SB','1899-12-31 07:40:00'),('ct_114_723',13,114,'SB','1899-12-31 07:45:00'),('ct_114_724',12,114,'SB','1899-12-31 07:50:00'),('ct_114_725',11,114,'SB','1899-12-31 07:55:00'),('ct_114_726',10,114,'SB','1899-12-31 07:59:00'),('ct_114_727',9,114,'SB','1899-12-31 08:05:00'),('ct_114_728',8,114,'SB','1899-12-31 08:08:00'),('ct_114_729',7,114,'SB','1899-12-31 08:13:00'),('ct_123_123',1,123,'NB','1899-12-31 06:33:00'),('ct_123_124',2,123,'NB','1899-12-31 06:42:00'),('ct_123_125',3,123,'NB','1899-12-31 06:48:00'),('ct_123_126',4,123,'NB','1899-12-31 07:03:00'),('ct_123_127',5,123,'NB','1899-12-31 07:09:00'),('ct_123_128',6,123,'NB','1899-12-31 07:16:00'),('ct_123_129',7,123,'NB','1899-12-31 07:24:00'),('ct_123_130',8,123,'NB','1899-12-31 07:28:00'),('ct_123_131',9,123,'NB','1899-12-31 07:32:00'),('ct_123_132',10,123,'NB','1899-12-31 07:38:00'),('ct_123_133',11,123,'NB','1899-12-31 07:42:00'),('ct_123_134',12,123,'NB','1899-12-31 07:48:00'),('ct_123_135',13,123,'NB','1899-12-31 07:51:00'),('ct_123_136',14,123,'NB','1899-12-31 07:56:00'),('ct_123_137',15,123,'NB','1899-12-31 08:00:00'),('ct_123_138',16,123,'NB','1899-12-31 08:04:00'),('ct_123_139',17,123,'NB','1899-12-31 08:09:00'),('ct_123_140',18,123,'NB','1899-12-31 08:14:00'),('ct_123_141',19,123,'NB','1899-12-31 08:17:00'),('ct_123_142',21,123,'NB','1899-12-31 08:25:00'),('ct_123_143',22,123,'NB','1899-12-31 08:29:00'),('ct_123_144',23,123,'NB','1899-12-31 08:32:00'),('ct_123_145',24,123,'NB','1899-12-31 08:37:00'),('ct_123_146',25,123,'NB','1899-12-31 08:42:00'),('ct_123_147',26,123,'NB','1899-12-31 08:46:00'),('ct_123_148',27,123,'NB','1899-12-31 08:52:00'),('ct_123_149',28,123,'NB','1899-12-31 08:58:00'),('ct_123_150',29,123,'NB','1899-12-31 09:04:00'),('ct_124_756',29,124,'SB','1899-12-31 07:33:00'),('ct_124_757',28,124,'SB','1899-12-31 07:38:00'),('ct_124_758',27,124,'SB','1899-12-31 07:44:00'),('ct_124_759',26,124,'SB','1899-12-31 07:50:00'),('ct_124_760',25,124,'SB','1899-12-31 07:54:00'),('ct_124_761',24,124,'SB','1899-12-31 07:59:00'),('ct_124_762',23,124,'SB','1899-12-31 08:04:00'),('ct_124_763',22,124,'SB','1899-12-31 08:07:00'),('ct_124_764',21,124,'SB','1899-12-31 08:11:00'),('ct_124_765',19,124,'SB','1899-12-31 08:18:00'),('ct_124_766',18,124,'SB','1899-12-31 08:22:00'),('ct_124_767',17,124,'SB','1899-12-31 08:27:00'),('ct_124_768',16,124,'SB','1899-12-31 08:33:00'),('ct_124_769',15,124,'SB','1899-12-31 08:37:00'),('ct_124_770',14,124,'SB','1899-12-31 08:40:00'),('ct_124_771',13,124,'SB','1899-12-31 08:45:00'),('ct_124_772',12,124,'SB','1899-12-31 08:50:00'),('ct_124_773',11,124,'SB','1899-12-31 08:55:00'),('ct_124_774',10,124,'SB','1899-12-31 08:59:00'),('ct_124_775',9,124,'SB','1899-12-31 09:05:00'),('ct_124_776',7,124,'SB','1899-12-31 09:11:00'),('ct_133_176',6,133,'NB','1899-12-31 08:19:00'),('ct_133_177',7,133,'NB','1899-12-31 08:26:00'),('ct_133_178',9,133,'NB','1899-12-31 08:32:00'),('ct_133_179',10,133,'NB','1899-12-31 08:38:00'),('ct_133_180',11,133,'NB','1899-12-31 08:42:00'),('ct_133_181',12,133,'NB','1899-12-31 08:48:00'),('ct_133_182',13,133,'NB','1899-12-31 08:51:00'),('ct_133_183',14,133,'NB','1899-12-31 08:56:00'),('ct_133_184',15,133,'NB','1899-12-31 09:00:00'),('ct_133_185',16,133,'NB','1899-12-31 09:04:00'),('ct_133_186',17,133,'NB','1899-12-31 09:09:00'),('ct_133_187',18,133,'NB','1899-12-31 09:14:00'),('ct_133_188',19,133,'NB','1899-12-31 09:17:00'),('ct_133_189',21,133,'NB','1899-12-31 09:25:00'),('ct_133_190',22,133,'NB','1899-12-31 09:29:00'),('ct_133_191',23,133,'NB','1899-12-31 09:32:00'),('ct_133_192',24,133,'NB','1899-12-31 09:37:00'),('ct_133_193',25,133,'NB','1899-12-31 09:42:00'),('ct_133_194',26,133,'NB','1899-12-31 09:46:00'),('ct_133_195',27,133,'NB','1899-12-31 09:52:00'),('ct_133_196',28,133,'NB','1899-12-31 09:58:00'),('ct_133_197',29,133,'NB','1899-12-31 10:04:00'),('ct_134_802',29,134,'SB','1899-12-31 08:33:00'),('ct_134_803',28,134,'SB','1899-12-31 08:38:00'),('ct_134_804',27,134,'SB','1899-12-31 08:44:00'),('ct_134_805',26,134,'SB','1899-12-31 08:50:00'),('ct_134_806',25,134,'SB','1899-12-31 08:54:00'),('ct_134_807',24,134,'SB','1899-12-31 08:59:00'),('ct_134_808',23,134,'SB','1899-12-31 09:04:00'),('ct_134_809',22,134,'SB','1899-12-31 09:07:00'),('ct_134_810',21,134,'SB','1899-12-31 09:11:00'),('ct_134_811',19,134,'SB','1899-12-31 09:18:00'),('ct_134_812',18,134,'SB','1899-12-31 09:22:00'),('ct_134_813',17,134,'SB','1899-12-31 09:27:00'),('ct_134_814',16,134,'SB','1899-12-31 09:35:00'),('ct_134_815',15,134,'SB','1899-12-31 09:39:00'),('ct_134_816',14,134,'SB','1899-12-31 09:43:00'),('ct_134_817',13,134,'SB','1899-12-31 09:47:00'),('ct_134_818',12,134,'SB','1899-12-31 09:52:00'),('ct_134_819',11,134,'SB','1899-12-31 09:57:00'),('ct_134_820',10,134,'SB','1899-12-31 10:02:00'),('ct_134_821',9,134,'SB','1899-12-31 10:07:00'),('ct_134_822',7,134,'SB','1899-12-31 10:14:00'),('ct_138_836',29,138,'SB','1899-12-31 09:35:00'),('ct_138_837',28,138,'SB','1899-12-31 09:40:00'),('ct_138_838',27,138,'SB','1899-12-31 09:45:00'),('ct_138_839',26,138,'SB','1899-12-31 09:52:00'),('ct_138_840',25,138,'SB','1899-12-31 09:56:00'),('ct_138_841',24,138,'SB','1899-12-31 10:01:00'),('ct_138_842',23,138,'SB','1899-12-31 10:06:00'),('ct_138_843',22,138,'SB','1899-12-31 10:10:00'),('ct_138_844',21,138,'SB','1899-12-31 10:14:00'),('ct_138_845',19,138,'SB','1899-12-31 10:21:00'),('ct_138_846',18,138,'SB','1899-12-31 10:25:00'),('ct_138_847',17,138,'SB','1899-12-31 10:30:00'),('ct_138_848',16,138,'SB','1899-12-31 10:36:00'),('ct_138_849',15,138,'SB','1899-12-31 10:41:00'),('ct_138_850',14,138,'SB','1899-12-31 10:44:00'),('ct_138_851',13,138,'SB','1899-12-31 10:49:00'),('ct_138_852',12,138,'SB','1899-12-31 10:54:00'),('ct_138_853',11,138,'SB','1899-12-31 10:59:00'),('ct_138_854',10,138,'SB','1899-12-31 11:04:00'),('ct_138_855',9,138,'SB','1899-12-31 11:10:00'),('ct_138_856',7,138,'SB','1899-12-31 11:18:00'),('ct_138_857',6,138,'SB','1899-12-31 11:23:00'),('ct_139_223',7,139,'NB','1899-12-31 09:20:00'),('ct_139_224',9,139,'NB','1899-12-31 09:26:00'),('ct_139_225',10,139,'NB','1899-12-31 09:32:00'),('ct_139_226',11,139,'NB','1899-12-31 09:36:00'),('ct_139_227',12,139,'NB','1899-12-31 09:42:00'),('ct_139_228',13,139,'NB','1899-12-31 09:45:00'),('ct_139_229',14,139,'NB','1899-12-31 09:50:00'),('ct_139_230',15,139,'NB','1899-12-31 09:54:00'),('ct_139_231',16,139,'NB','1899-12-31 09:58:00'),('ct_139_232',17,139,'NB','1899-12-31 10:05:00'),('ct_139_233',18,139,'NB','1899-12-31 10:11:00'),('ct_139_234',19,139,'NB','1899-12-31 10:16:00'),('ct_139_235',21,139,'NB','1899-12-31 10:24:00'),('ct_139_236',22,139,'NB','1899-12-31 10:29:00'),('ct_139_237',23,139,'NB','1899-12-31 10:32:00'),('ct_139_238',24,139,'NB','1899-12-31 10:38:00'),('ct_139_239',25,139,'NB','1899-12-31 10:42:00'),('ct_139_240',26,139,'NB','1899-12-31 10:46:00'),('ct_139_241',27,139,'NB','1899-12-31 10:52:00'),('ct_139_242',28,139,'NB','1899-12-31 10:58:00'),('ct_139_243',29,139,'NB','1899-12-31 11:04:00'),('ct_140_858',29,140,'SB','1899-12-31 10:35:00'),('ct_140_859',28,140,'SB','1899-12-31 10:40:00'),('ct_140_860',27,140,'SB','1899-12-31 10:45:00'),('ct_140_861',26,140,'SB','1899-12-31 10:52:00'),('ct_140_862',25,140,'SB','1899-12-31 10:56:00'),('ct_140_863',24,140,'SB','1899-12-31 11:01:00'),('ct_140_864',23,140,'SB','1899-12-31 11:06:00'),('ct_140_865',22,140,'SB','1899-12-31 11:10:00'),('ct_140_866',21,140,'SB','1899-12-31 11:14:00'),('ct_140_867',19,140,'SB','1899-12-31 11:21:00'),('ct_140_868',18,140,'SB','1899-12-31 11:25:00'),('ct_140_869',17,140,'SB','1899-12-31 11:30:00'),('ct_140_870',16,140,'SB','1899-12-31 11:36:00'),('ct_140_871',15,140,'SB','1899-12-31 11:41:00'),('ct_140_872',14,140,'SB','1899-12-31 11:44:00'),('ct_140_873',13,140,'SB','1899-12-31 11:49:00'),('ct_140_874',12,140,'SB','1899-12-31 11:54:00'),('ct_140_875',11,140,'SB','1899-12-31 11:59:00'),('ct_140_876',10,140,'SB','1899-12-31 12:04:00'),('ct_140_877',9,140,'SB','1899-12-31 12:10:00'),('ct_140_878',7,140,'SB','1899-12-31 12:18:00'),('ct_140_879',6,140,'SB','1899-12-31 12:23:00'),('ct_141_244',6,141,'NB','1899-12-31 09:43:00'),('ct_141_245',7,141,'NB','1899-12-31 09:50:00'),('ct_141_246',9,141,'NB','1899-12-31 09:56:00'),('ct_141_247',10,141,'NB','1899-12-31 10:02:00'),('ct_141_248',11,141,'NB','1899-12-31 10:07:00'),('ct_141_249',12,141,'NB','1899-12-31 10:12:00'),('ct_141_250',13,141,'NB','1899-12-31 10:16:00'),('ct_141_251',14,141,'NB','1899-12-31 10:20:00'),('ct_141_252',15,141,'NB','1899-12-31 10:25:00'),('ct_141_253',16,141,'NB','1899-12-31 10:29:00'),('ct_141_254',17,141,'NB','1899-12-31 10:35:00'),('ct_141_255',18,141,'NB','1899-12-31 10:40:00'),('ct_141_256',19,141,'NB','1899-12-31 10:43:00'),('ct_141_257',21,141,'NB','1899-12-31 10:51:00'),('ct_141_258',22,141,'NB','1899-12-31 10:56:00'),('ct_141_259',23,141,'NB','1899-12-31 11:00:00'),('ct_141_260',24,141,'NB','1899-12-31 11:05:00'),('ct_141_261',25,141,'NB','1899-12-31 11:10:00'),('ct_141_262',26,141,'NB','1899-12-31 11:14:00'),('ct_141_263',27,141,'NB','1899-12-31 11:21:00'),('ct_141_264',28,141,'NB','1899-12-31 11:27:00'),('ct_141_265',29,141,'NB','1899-12-31 11:33:00'),('ct_142_880',29,142,'SB','1899-12-31 11:35:00'),('ct_142_881',28,142,'SB','1899-12-31 11:40:00'),('ct_142_882',27,142,'SB','1899-12-31 11:45:00'),('ct_142_883',26,142,'SB','1899-12-31 11:52:00'),('ct_142_884',25,142,'SB','1899-12-31 11:56:00'),('ct_142_885',24,142,'SB','1899-12-31 12:01:00'),('ct_142_886',23,142,'SB','1899-12-31 12:06:00'),('ct_142_887',22,142,'SB','1899-12-31 12:10:00'),('ct_142_888',21,142,'SB','1899-12-31 12:14:00'),('ct_142_889',19,142,'SB','1899-12-31 12:21:00'),('ct_142_890',18,142,'SB','1899-12-31 12:25:00'),('ct_142_891',17,142,'SB','1899-12-31 12:30:00'),('ct_142_892',16,142,'SB','1899-12-31 12:36:00'),('ct_142_893',15,142,'SB','1899-12-31 12:41:00'),('ct_142_894',14,142,'SB','1899-12-31 12:44:00'),('ct_142_895',13,142,'SB','1899-12-31 12:49:00'),('ct_142_896',12,142,'SB','1899-12-31 12:54:00'),('ct_142_897',11,142,'SB','1899-12-31 12:59:00'),('ct_142_898',10,142,'SB','1899-12-31 01:04:00'),('ct_142_899',9,142,'SB','1899-12-31 01:10:00'),('ct_142_900',7,142,'SB','1899-12-31 01:16:00'),('ct_143_266',7,143,'NB','1899-12-31 10:50:00'),('ct_143_267',9,143,'NB','1899-12-31 10:56:00'),('ct_143_268',10,143,'NB','1899-12-31 11:02:00'),('ct_143_269',11,143,'NB','1899-12-31 11:06:00'),('ct_143_270',12,143,'NB','1899-12-31 11:12:00'),('ct_143_271',13,143,'NB','1899-12-31 11:16:00'),('ct_143_272',14,143,'NB','1899-12-31 11:20:00'),('ct_143_273',15,143,'NB','1899-12-31 11:25:00'),('ct_143_274',16,143,'NB','1899-12-31 11:29:00'),('ct_143_275',17,143,'NB','1899-12-31 11:35:00'),('ct_143_276',18,143,'NB','1899-12-31 11:40:00'),('ct_143_277',19,143,'NB','1899-12-31 11:43:00'),('ct_143_278',21,143,'NB','1899-12-31 11:51:00'),('ct_143_279',22,143,'NB','1899-12-31 11:56:00'),('ct_143_280',23,143,'NB','1899-12-31 11:59:00'),('ct_143_281',24,143,'NB','1899-12-31 12:05:00'),('ct_143_282',25,143,'NB','1899-12-31 12:10:00'),('ct_143_283',26,143,'NB','1899-12-31 12:14:00'),('ct_143_284',27,143,'NB','1899-12-31 12:21:00'),('ct_143_285',28,143,'NB','1899-12-31 12:27:00'),('ct_143_286',29,143,'NB','1899-12-31 12:32:00'),('ct_144_901',29,144,'SB','1899-12-31 12:35:00'),('ct_144_902',28,144,'SB','1899-12-31 12:40:00'),('ct_144_903',27,144,'SB','1899-12-31 12:45:00'),('ct_144_904',26,144,'SB','1899-12-31 12:52:00'),('ct_144_905',25,144,'SB','1899-12-31 12:56:00'),('ct_144_906',24,144,'SB','1899-12-31 01:01:00'),('ct_144_907',23,144,'SB','1899-12-31 01:06:00'),('ct_144_908',22,144,'SB','1899-12-31 01:10:00'),('ct_144_909',21,144,'SB','1899-12-31 01:14:00'),('ct_144_910',19,144,'SB','1899-12-31 01:21:00'),('ct_144_911',18,144,'SB','1899-12-31 01:25:00'),('ct_144_912',17,144,'SB','1899-12-31 01:30:00'),('ct_144_913',16,144,'SB','1899-12-31 01:36:00'),('ct_144_914',15,144,'SB','1899-12-31 01:41:00'),('ct_144_915',14,144,'SB','1899-12-31 01:44:00'),('ct_144_916',13,144,'SB','1899-12-31 01:49:00'),('ct_144_917',12,144,'SB','1899-12-31 01:54:00'),('ct_144_918',11,144,'SB','1899-12-31 01:59:00'),('ct_144_919',10,144,'SB','1899-12-31 02:04:00'),('ct_144_920',9,144,'SB','1899-12-31 02:10:00'),('ct_144_921',7,144,'SB','1899-12-31 02:16:00'),('ct_145_287',7,145,'NB','1899-12-31 11:50:00'),('ct_145_288',9,145,'NB','1899-12-31 11:56:00'),('ct_145_289',10,145,'NB','1899-12-31 12:02:00'),('ct_145_290',11,145,'NB','1899-12-31 12:06:00'),('ct_145_291',12,145,'NB','1899-12-31 12:12:00'),('ct_145_292',13,145,'NB','1899-12-31 12:16:00'),('ct_145_293',14,145,'NB','1899-12-31 12:20:00'),('ct_145_294',15,145,'NB','1899-12-31 12:25:00'),('ct_145_295',16,145,'NB','1899-12-31 12:29:00'),('ct_145_296',17,145,'NB','1899-12-31 12:35:00'),('ct_145_297',18,145,'NB','1899-12-31 12:40:00'),('ct_145_298',19,145,'NB','1899-12-31 12:43:00'),('ct_145_299',21,145,'NB','1899-12-31 12:51:00'),('ct_145_300',22,145,'NB','1899-12-31 12:56:00'),('ct_145_301',23,145,'NB','1899-12-31 12:59:00'),('ct_145_302',24,145,'NB','1899-12-31 01:05:00'),('ct_145_303',25,145,'NB','1899-12-31 01:10:00'),('ct_145_304',26,145,'NB','1899-12-31 01:14:00'),('ct_145_305',27,145,'NB','1899-12-31 01:21:00'),('ct_145_306',28,145,'NB','1899-12-31 01:27:00'),('ct_145_307',29,145,'NB','1899-12-31 01:32:00'),('ct_146_922',29,146,'SB','1899-12-31 01:35:00'),('ct_146_923',28,146,'SB','1899-12-31 01:40:00'),('ct_146_924',27,146,'SB','1899-12-31 01:45:00'),('ct_146_925',26,146,'SB','1899-12-31 01:52:00'),('ct_146_926',25,146,'SB','1899-12-31 01:56:00'),('ct_146_927',24,146,'SB','1899-12-31 02:01:00'),('ct_146_928',23,146,'SB','1899-12-31 02:06:00'),('ct_146_929',22,146,'SB','1899-12-31 02:10:00'),('ct_146_930',21,146,'SB','1899-12-31 02:14:00'),('ct_146_931',19,146,'SB','1899-12-31 02:21:00'),('ct_146_932',18,146,'SB','1899-12-31 02:25:00'),('ct_146_933',17,146,'SB','1899-12-31 02:30:00'),('ct_146_934',16,146,'SB','1899-12-31 02:36:00'),('ct_146_935',15,146,'SB','1899-12-31 02:41:00'),('ct_146_936',14,146,'SB','1899-12-31 02:44:00'),('ct_146_937',13,146,'SB','1899-12-31 02:49:00'),('ct_146_938',12,146,'SB','1899-12-31 02:54:00'),('ct_146_939',11,146,'SB','1899-12-31 02:59:00'),('ct_146_940',10,146,'SB','1899-12-31 03:04:00'),('ct_146_941',9,146,'SB','1899-12-31 03:10:00'),('ct_146_942',7,146,'SB','1899-12-31 03:16:00'),('ct_147_308',7,147,'NB','1899-12-31 12:50:00'),('ct_147_309',9,147,'NB','1899-12-31 12:56:00'),('ct_147_310',10,147,'NB','1899-12-31 01:02:00'),('ct_147_311',11,147,'NB','1899-12-31 01:06:00'),('ct_147_312',12,147,'NB','1899-12-31 01:12:00'),('ct_147_313',13,147,'NB','1899-12-31 01:16:00'),('ct_147_314',14,147,'NB','1899-12-31 01:20:00'),('ct_147_315',15,147,'NB','1899-12-31 01:25:00'),('ct_147_316',16,147,'NB','1899-12-31 01:29:00'),('ct_147_317',17,147,'NB','1899-12-31 01:35:00'),('ct_147_318',18,147,'NB','1899-12-31 01:40:00'),('ct_147_319',19,147,'NB','1899-12-31 01:43:00'),('ct_147_320',21,147,'NB','1899-12-31 01:51:00'),('ct_147_321',22,147,'NB','1899-12-31 01:56:00'),('ct_147_322',23,147,'NB','1899-12-31 01:59:00'),('ct_147_323',24,147,'NB','1899-12-31 02:05:00'),('ct_147_324',25,147,'NB','1899-12-31 02:10:00'),('ct_147_325',26,147,'NB','1899-12-31 02:14:00'),('ct_147_326',27,147,'NB','1899-12-31 02:21:00'),('ct_147_327',28,147,'NB','1899-12-31 02:27:00'),('ct_147_328',29,147,'NB','1899-12-31 02:32:00'),('ct_148_943',29,148,'SB','1899-12-31 02:35:00'),('ct_148_944',28,148,'SB','1899-12-31 02:40:00'),('ct_148_945',27,148,'SB','1899-12-31 02:45:00'),('ct_148_946',26,148,'SB','1899-12-31 02:52:00'),('ct_148_947',25,148,'SB','1899-12-31 02:56:00'),('ct_148_948',24,148,'SB','1899-12-31 03:01:00'),('ct_148_949',23,148,'SB','1899-12-31 03:06:00'),('ct_148_950',22,148,'SB','1899-12-31 03:10:00'),('ct_148_951',21,148,'SB','1899-12-31 03:14:00'),('ct_148_952',19,148,'SB','1899-12-31 03:21:00'),('ct_148_953',18,148,'SB','1899-12-31 03:25:00'),('ct_148_954',17,148,'SB','1899-12-31 03:30:00'),('ct_148_955',16,148,'SB','1899-12-31 03:36:00'),('ct_148_956',15,148,'SB','1899-12-31 03:41:00'),('ct_148_957',14,148,'SB','1899-12-31 03:44:00'),('ct_148_958',13,148,'SB','1899-12-31 03:49:00'),('ct_148_959',12,148,'SB','1899-12-31 03:54:00'),('ct_148_960',11,148,'SB','1899-12-31 03:59:00'),('ct_148_961',10,148,'SB','1899-12-31 04:04:00'),('ct_148_962',9,148,'SB','1899-12-31 04:10:00'),('ct_148_963',7,148,'SB','1899-12-31 04:16:00'),('ct_150_964',29,150,'SB','1899-12-31 03:15:00'),('ct_150_965',28,150,'SB','1899-12-31 03:21:00'),('ct_150_966',27,150,'SB','1899-12-31 03:26:00'),('ct_150_967',26,150,'SB','1899-12-31 03:32:00'),('ct_150_968',25,150,'SB','1899-12-31 03:36:00'),('ct_150_969',24,150,'SB','1899-12-31 03:41:00'),('ct_150_970',23,150,'SB','1899-12-31 03:46:00'),('ct_150_971',22,150,'SB','1899-12-31 03:50:00'),('ct_150_972',21,150,'SB','1899-12-31 03:53:00'),('ct_150_973',19,150,'SB','1899-12-31 04:01:00'),('ct_150_974',18,150,'SB','1899-12-31 04:04:00'),('ct_150_975',17,150,'SB','1899-12-31 04:09:00'),('ct_150_976',16,150,'SB','1899-12-31 04:15:00'),('ct_150_977',15,150,'SB','1899-12-31 04:19:00'),('ct_150_978',14,150,'SB','1899-12-31 04:23:00'),('ct_150_979',13,150,'SB','1899-12-31 04:28:00'),('ct_150_980',12,150,'SB','1899-12-31 04:33:00'),('ct_150_981',11,150,'SB','1899-12-31 04:38:00'),('ct_150_982',10,150,'SB','1899-12-31 04:43:00'),('ct_150_983',9,150,'SB','1899-12-31 04:49:00'),('ct_150_984',8,150,'SB','1899-12-31 04:52:00'),('ct_150_985',7,150,'SB','1899-12-31 04:59:00'),('ct_150_986',6,150,'SB','1899-12-31 05:06:00'),('ct_150_987',5,150,'SB','1899-12-31 05:13:00'),('ct_150_988',4,150,'SB','1899-12-31 05:19:00'),('ct_150_989',3,150,'SB','1899-12-31 05:32:00'),('ct_150_990',2,150,'SB','1899-12-31 05:38:00'),('ct_150_991',1,150,'SB','1899-12-31 05:51:00'),('ct_151_329',7,151,'NB','1899-12-31 01:50:00'),('ct_151_330',9,151,'NB','1899-12-31 01:56:00'),('ct_151_331',10,151,'NB','1899-12-31 02:02:00'),('ct_151_332',11,151,'NB','1899-12-31 02:06:00'),('ct_151_333',12,151,'NB','1899-12-31 02:12:00'),('ct_151_334',13,151,'NB','1899-12-31 02:16:00'),('ct_151_335',14,151,'NB','1899-12-31 02:20:00'),('ct_151_336',15,151,'NB','1899-12-31 02:25:00'),('ct_151_337',16,151,'NB','1899-12-31 02:29:00'),('ct_151_338',17,151,'NB','1899-12-31 02:35:00'),('ct_151_339',18,151,'NB','1899-12-31 02:40:00'),('ct_151_340',19,151,'NB','1899-12-31 02:43:00'),('ct_151_341',21,151,'NB','1899-12-31 02:51:00'),('ct_151_342',22,151,'NB','1899-12-31 02:56:00'),('ct_151_343',23,151,'NB','1899-12-31 02:59:00'),('ct_151_344',24,151,'NB','1899-12-31 03:05:00'),('ct_151_345',25,151,'NB','1899-12-31 03:10:00'),('ct_151_346',26,151,'NB','1899-12-31 03:14:00'),('ct_151_347',27,151,'NB','1899-12-31 03:21:00'),('ct_151_348',28,151,'NB','1899-12-31 03:27:00'),('ct_151_349',29,151,'NB','1899-12-31 03:32:00'),('ct_155_350',7,155,'NB','1899-12-31 02:50:00'),('ct_155_351',9,155,'NB','1899-12-31 02:56:00'),('ct_155_352',10,155,'NB','1899-12-31 03:02:00'),('ct_155_353',11,155,'NB','1899-12-31 03:06:00'),('ct_155_354',12,155,'NB','1899-12-31 03:12:00'),('ct_155_355',13,155,'NB','1899-12-31 03:16:00'),('ct_155_356',14,155,'NB','1899-12-31 03:20:00'),('ct_155_357',15,155,'NB','1899-12-31 03:25:00'),('ct_155_358',16,155,'NB','1899-12-31 03:29:00'),('ct_155_359',17,155,'NB','1899-12-31 03:35:00'),('ct_155_360',18,155,'NB','1899-12-31 03:39:00'),('ct_155_361',19,155,'NB','1899-12-31 03:42:00'),('ct_155_362',21,155,'NB','1899-12-31 03:50:00'),('ct_155_363',22,155,'NB','1899-12-31 03:54:00'),('ct_155_364',23,155,'NB','1899-12-31 03:58:00'),('ct_155_365',24,155,'NB','1899-12-31 04:03:00'),('ct_155_366',25,155,'NB','1899-12-31 04:08:00'),('ct_155_367',26,155,'NB','1899-12-31 04:12:00'),('ct_155_368',27,155,'NB','1899-12-31 04:19:00'),('ct_155_369',28,155,'NB','1899-12-31 04:25:00'),('ct_155_370',29,155,'NB','1899-12-31 04:31:00'),('ct_159_371',7,159,'NB','1899-12-31 03:20:00'),('ct_159_372',8,159,'NB','1899-12-31 03:24:00'),('ct_159_373',9,159,'NB','1899-12-31 03:27:00'),('ct_159_374',10,159,'NB','1899-12-31 03:33:00'),('ct_159_375',11,159,'NB','1899-12-31 03:38:00'),('ct_159_376',12,159,'NB','1899-12-31 03:43:00'),('ct_159_377',13,159,'NB','1899-12-31 03:47:00'),('ct_159_378',14,159,'NB','1899-12-31 03:53:00'),('ct_159_379',15,159,'NB','1899-12-31 03:59:00'),('ct_159_380',16,159,'NB','1899-12-31 04:04:00'),('ct_159_381',17,159,'NB','1899-12-31 04:12:00'),('ct_159_382',18,159,'NB','1899-12-31 04:16:00'),('ct_159_383',19,159,'NB','1899-12-31 04:20:00'),('ct_159_384',21,159,'NB','1899-12-31 04:27:00'),('ct_159_385',22,159,'NB','1899-12-31 04:31:00'),('ct_159_386',23,159,'NB','1899-12-31 04:35:00'),('ct_159_387',24,159,'NB','1899-12-31 04:40:00'),('ct_159_388',25,159,'NB','1899-12-31 04:44:00'),('ct_159_389',26,159,'NB','1899-12-31 04:48:00'),('ct_159_390',27,159,'NB','1899-12-31 04:54:00'),('ct_159_391',28,159,'NB','1899-12-31 05:00:00'),('ct_159_392',29,159,'NB','1899-12-31 05:06:00'),('ct_160_1017',29,160,'SB','1899-12-31 04:35:00'),('ct_160_1018',28,160,'SB','1899-12-31 04:41:00'),('ct_160_1019',27,160,'SB','1899-12-31 04:46:00'),('ct_160_1020',26,160,'SB','1899-12-31 04:52:00'),('ct_160_1021',25,160,'SB','1899-12-31 04:56:00'),('ct_160_1022',24,160,'SB','1899-12-31 05:01:00'),('ct_160_1023',23,160,'SB','1899-12-31 05:06:00'),('ct_160_1024',22,160,'SB','1899-12-31 05:10:00'),('ct_160_1025',21,160,'SB','1899-12-31 05:13:00'),('ct_160_1026',19,160,'SB','1899-12-31 05:21:00'),('ct_160_1027',18,160,'SB','1899-12-31 05:24:00'),('ct_160_1028',17,160,'SB','1899-12-31 05:29:00'),('ct_160_1029',16,160,'SB','1899-12-31 05:35:00'),('ct_160_1030',15,160,'SB','1899-12-31 05:39:00'),('ct_160_1031',14,160,'SB','1899-12-31 05:43:00'),('ct_160_1032',13,160,'SB','1899-12-31 05:47:00'),('ct_160_1033',12,160,'SB','1899-12-31 05:52:00'),('ct_160_1034',11,160,'SB','1899-12-31 05:57:00'),('ct_160_1035',10,160,'SB','1899-12-31 06:02:00'),('ct_160_1036',9,160,'SB','1899-12-31 06:07:00'),('ct_160_1037',7,160,'SB','1899-12-31 06:16:00'),('ct_160_1038',6,160,'SB','1899-12-31 06:21:00'),('ct_169_418',7,169,'NB','1899-12-31 04:25:00'),('ct_169_419',9,169,'NB','1899-12-31 04:31:00'),('ct_169_420',10,169,'NB','1899-12-31 04:37:00'),('ct_169_421',11,169,'NB','1899-12-31 04:41:00'),('ct_169_422',12,169,'NB','1899-12-31 04:47:00'),('ct_169_423',13,169,'NB','1899-12-31 04:51:00'),('ct_169_424',14,169,'NB','1899-12-31 04:55:00'),('ct_169_425',15,169,'NB','1899-12-31 05:00:00'),('ct_169_426',16,169,'NB','1899-12-31 05:03:00'),('ct_169_427',17,169,'NB','1899-12-31 05:09:00'),('ct_169_428',18,169,'NB','1899-12-31 05:14:00'),('ct_169_429',19,169,'NB','1899-12-31 05:18:00'),('ct_169_430',21,169,'NB','1899-12-31 05:25:00'),('ct_169_431',22,169,'NB','1899-12-31 05:29:00'),('ct_169_432',23,169,'NB','1899-12-31 05:33:00'),('ct_169_433',24,169,'NB','1899-12-31 05:38:00'),('ct_169_434',25,169,'NB','1899-12-31 05:43:00'),('ct_169_435',26,169,'NB','1899-12-31 05:47:00'),('ct_169_436',27,169,'NB','1899-12-31 05:54:00'),('ct_169_437',28,169,'NB','1899-12-31 06:00:00'),('ct_169_438',29,169,'NB','1899-12-31 06:05:00'),('ct_170_1069',29,170,'SB','1899-12-31 05:33:00'),('ct_170_1070',28,170,'SB','1899-12-31 05:39:00'),('ct_170_1071',27,170,'SB','1899-12-31 05:45:00'),('ct_170_1072',26,170,'SB','1899-12-31 05:51:00'),('ct_170_1073',25,170,'SB','1899-12-31 05:55:00'),('ct_170_1074',24,170,'SB','1899-12-31 06:00:00'),('ct_170_1075',23,170,'SB','1899-12-31 06:05:00'),('ct_170_1076',22,170,'SB','1899-12-31 06:09:00'),('ct_170_1077',21,170,'SB','1899-12-31 06:12:00'),('ct_170_1078',19,170,'SB','1899-12-31 06:20:00'),('ct_170_1079',18,170,'SB','1899-12-31 06:23:00'),('ct_170_1080',17,170,'SB','1899-12-31 06:28:00'),('ct_170_1081',16,170,'SB','1899-12-31 06:34:00'),('ct_170_1082',15,170,'SB','1899-12-31 06:38:00'),('ct_170_1083',14,170,'SB','1899-12-31 06:42:00'),('ct_170_1084',13,170,'SB','1899-12-31 06:46:00'),('ct_170_1085',12,170,'SB','1899-12-31 06:51:00'),('ct_170_1086',11,170,'SB','1899-12-31 06:56:00'),('ct_170_1087',10,170,'SB','1899-12-31 07:00:00'),('ct_170_1088',9,170,'SB','1899-12-31 07:06:00'),('ct_170_1089',7,170,'SB','1899-12-31 07:14:00'),('ct_170_1090',6,170,'SB','1899-12-31 07:19:00'),('ct_179_464',7,179,'NB','1899-12-31 05:25:00'),('ct_179_465',9,179,'NB','1899-12-31 05:31:00'),('ct_179_466',10,179,'NB','1899-12-31 05:37:00'),('ct_179_467',11,179,'NB','1899-12-31 05:41:00'),('ct_179_468',12,179,'NB','1899-12-31 05:47:00'),('ct_179_469',13,179,'NB','1899-12-31 05:51:00'),('ct_179_470',14,179,'NB','1899-12-31 05:55:00'),('ct_179_471',15,179,'NB','1899-12-31 06:00:00'),('ct_179_472',16,179,'NB','1899-12-31 06:03:00'),('ct_179_473',17,179,'NB','1899-12-31 06:09:00'),('ct_179_474',18,179,'NB','1899-12-31 06:14:00'),('ct_179_475',19,179,'NB','1899-12-31 06:18:00'),('ct_179_476',21,179,'NB','1899-12-31 06:25:00'),('ct_179_477',22,179,'NB','1899-12-31 06:29:00'),('ct_179_478',23,179,'NB','1899-12-31 06:33:00'),('ct_179_479',24,179,'NB','1899-12-31 06:38:00'),('ct_179_480',25,179,'NB','1899-12-31 06:43:00'),('ct_179_481',26,179,'NB','1899-12-31 06:47:00'),('ct_179_482',27,179,'NB','1899-12-31 06:54:00'),('ct_179_483',28,179,'NB','1899-12-31 07:00:00'),('ct_179_484',29,179,'NB','1899-12-31 07:05:00'),('ct_180_1116',29,180,'SB','1899-12-31 06:33:00'),('ct_180_1117',28,180,'SB','1899-12-31 06:39:00'),('ct_180_1118',27,180,'SB','1899-12-31 06:45:00'),('ct_180_1119',26,180,'SB','1899-12-31 06:51:00'),('ct_180_1120',25,180,'SB','1899-12-31 06:55:00'),('ct_180_1121',24,180,'SB','1899-12-31 07:00:00'),('ct_180_1122',23,180,'SB','1899-12-31 07:05:00'),('ct_180_1123',22,180,'SB','1899-12-31 07:09:00'),('ct_180_1124',21,180,'SB','1899-12-31 07:12:00'),('ct_180_1125',19,180,'SB','1899-12-31 07:20:00'),('ct_180_1126',18,180,'SB','1899-12-31 07:23:00'),('ct_180_1127',17,180,'SB','1899-12-31 07:28:00'),('ct_180_1128',16,180,'SB','1899-12-31 07:34:00'),('ct_180_1129',15,180,'SB','1899-12-31 07:38:00'),('ct_180_1130',14,180,'SB','1899-12-31 07:42:00'),('ct_180_1131',13,180,'SB','1899-12-31 07:46:00'),('ct_180_1132',12,180,'SB','1899-12-31 07:51:00'),('ct_180_1133',11,180,'SB','1899-12-31 07:56:00'),('ct_180_1134',10,180,'SB','1899-12-31 08:00:00'),('ct_180_1135',9,180,'SB','1899-12-31 08:06:00'),('ct_180_1136',7,180,'SB','1899-12-31 08:12:00'),('ct_189_510',7,189,'NB','1899-12-31 06:25:00'),('ct_189_511',9,189,'NB','1899-12-31 06:31:00'),('ct_189_512',10,189,'NB','1899-12-31 06:37:00'),('ct_189_513',11,189,'NB','1899-12-31 06:41:00'),('ct_189_514',12,189,'NB','1899-12-31 06:47:00'),('ct_189_515',13,189,'NB','1899-12-31 06:51:00'),('ct_189_516',14,189,'NB','1899-12-31 06:55:00'),('ct_189_517',15,189,'NB','1899-12-31 07:00:00'),('ct_189_518',16,189,'NB','1899-12-31 07:03:00'),('ct_189_519',17,189,'NB','1899-12-31 07:09:00'),('ct_189_520',18,189,'NB','1899-12-31 07:14:00'),('ct_189_521',19,189,'NB','1899-12-31 07:18:00'),('ct_189_522',21,189,'NB','1899-12-31 07:25:00'),('ct_189_523',22,189,'NB','1899-12-31 07:29:00'),('ct_189_524',23,189,'NB','1899-12-31 07:33:00'),('ct_189_525',24,189,'NB','1899-12-31 07:38:00'),('ct_189_526',25,189,'NB','1899-12-31 07:43:00'),('ct_189_527',26,189,'NB','1899-12-31 07:47:00'),('ct_189_528',27,189,'NB','1899-12-31 07:54:00'),('ct_189_529',28,189,'NB','1899-12-31 08:00:00'),('ct_189_530',29,189,'NB','1899-12-31 08:05:00'),('ct_190_1161',29,190,'SB','1899-12-31 07:35:00'),('ct_190_1162',28,190,'SB','1899-12-31 07:40:00'),('ct_190_1163',27,190,'SB','1899-12-31 07:45:00'),('ct_190_1164',26,190,'SB','1899-12-31 07:52:00'),('ct_190_1165',25,190,'SB','1899-12-31 07:56:00'),('ct_190_1166',24,190,'SB','1899-12-31 08:01:00'),('ct_190_1167',23,190,'SB','1899-12-31 08:06:00'),('ct_190_1168',22,190,'SB','1899-12-31 08:10:00'),('ct_190_1169',21,190,'SB','1899-12-31 08:13:00'),('ct_190_1170',19,190,'SB','1899-12-31 08:21:00'),('ct_190_1171',18,190,'SB','1899-12-31 08:24:00'),('ct_190_1172',17,190,'SB','1899-12-31 08:30:00'),('ct_190_1173',16,190,'SB','1899-12-31 08:36:00'),('ct_190_1174',15,190,'SB','1899-12-31 08:40:00'),('ct_190_1175',14,190,'SB','1899-12-31 08:44:00'),('ct_190_1176',13,190,'SB','1899-12-31 08:49:00'),('ct_190_1177',12,190,'SB','1899-12-31 08:53:00'),('ct_190_1178',11,190,'SB','1899-12-31 08:59:00'),('ct_190_1179',10,190,'SB','1899-12-31 09:03:00'),('ct_190_1180',9,190,'SB','1899-12-31 09:09:00'),('ct_190_1181',7,190,'SB','1899-12-31 09:16:00'),('ct_191_531',6,191,'NB','1899-12-31 06:42:00'),('ct_191_532',7,191,'NB','1899-12-31 06:49:00'),('ct_191_533',9,191,'NB','1899-12-31 06:55:00'),('ct_191_534',10,191,'NB','1899-12-31 07:01:00'),('ct_191_535',11,191,'NB','1899-12-31 07:06:00'),('ct_191_536',12,191,'NB','1899-12-31 07:11:00'),('ct_191_537',13,191,'NB','1899-12-31 07:15:00'),('ct_191_538',14,191,'NB','1899-12-31 07:19:00'),('ct_191_539',15,191,'NB','1899-12-31 07:24:00'),('ct_191_540',16,191,'NB','1899-12-31 07:28:00'),('ct_191_541',17,191,'NB','1899-12-31 07:34:00'),('ct_191_542',18,191,'NB','1899-12-31 07:40:00'),('ct_191_543',19,191,'NB','1899-12-31 07:44:00'),('ct_191_544',21,191,'NB','1899-12-31 07:52:00'),('ct_191_545',22,191,'NB','1899-12-31 07:57:00'),('ct_191_546',23,191,'NB','1899-12-31 08:01:00'),('ct_191_547',24,191,'NB','1899-12-31 08:06:00'),('ct_191_548',25,191,'NB','1899-12-31 08:11:00'),('ct_191_549',26,191,'NB','1899-12-31 08:15:00'),('ct_191_550',27,191,'NB','1899-12-31 08:21:00'),('ct_191_551',28,191,'NB','1899-12-31 08:27:00'),('ct_191_552',29,191,'NB','1899-12-31 08:33:00'),('ct_192_1182',29,192,'SB','1899-12-31 08:35:00'),('ct_192_1183',28,192,'SB','1899-12-31 08:40:00'),('ct_192_1184',27,192,'SB','1899-12-31 08:45:00'),('ct_192_1185',26,192,'SB','1899-12-31 08:52:00'),('ct_192_1186',25,192,'SB','1899-12-31 08:56:00'),('ct_192_1187',24,192,'SB','1899-12-31 09:01:00'),('ct_192_1188',23,192,'SB','1899-12-31 09:06:00'),('ct_192_1189',22,192,'SB','1899-12-31 09:10:00'),('ct_192_1190',21,192,'SB','1899-12-31 09:14:00'),('ct_192_1191',19,192,'SB','1899-12-31 09:21:00'),('ct_192_1192',18,192,'SB','1899-12-31 09:25:00'),('ct_192_1193',17,192,'SB','1899-12-31 09:30:00'),('ct_192_1194',16,192,'SB','1899-12-31 09:36:00'),('ct_192_1195',15,192,'SB','1899-12-31 09:41:00'),('ct_192_1196',14,192,'SB','1899-12-31 09:44:00'),('ct_192_1197',13,192,'SB','1899-12-31 09:49:00'),('ct_192_1198',12,192,'SB','1899-12-31 09:54:00'),('ct_192_1199',11,192,'SB','1899-12-31 09:59:00'),('ct_192_1200',10,192,'SB','1899-12-31 10:04:00'),('ct_192_1201',9,192,'SB','1899-12-31 10:10:00'),('ct_192_1202',7,192,'SB','1899-12-31 10:18:00'),('ct_192_1203',6,192,'SB','1899-12-31 10:23:00'),('ct_193_553',7,193,'NB','1899-12-31 07:43:00'),('ct_193_554',9,193,'NB','1899-12-31 07:49:00'),('ct_193_555',10,193,'NB','1899-12-31 07:55:00'),('ct_193_556',11,193,'NB','1899-12-31 08:00:00'),('ct_193_557',12,193,'NB','1899-12-31 08:06:00'),('ct_193_558',13,193,'NB','1899-12-31 08:10:00'),('ct_193_559',14,193,'NB','1899-12-31 08:15:00'),('ct_193_560',15,193,'NB','1899-12-31 08:21:00'),('ct_193_561',16,193,'NB','1899-12-31 08:26:00'),('ct_193_562',17,193,'NB','1899-12-31 08:33:00'),('ct_193_563',18,193,'NB','1899-12-31 08:37:00'),('ct_193_564',19,193,'NB','1899-12-31 08:41:00'),('ct_193_565',21,193,'NB','1899-12-31 08:49:00'),('ct_193_566',22,193,'NB','1899-12-31 08:53:00'),('ct_193_567',23,193,'NB','1899-12-31 08:57:00'),('ct_193_568',24,193,'NB','1899-12-31 09:03:00'),('ct_193_569',25,193,'NB','1899-12-31 09:08:00'),('ct_193_570',26,193,'NB','1899-12-31 09:12:00'),('ct_193_571',27,193,'NB','1899-12-31 09:18:00'),('ct_193_572',28,193,'NB','1899-12-31 09:24:00'),('ct_193_573',29,193,'NB','1899-12-31 09:30:00'),('ct_194_1204',29,194,'SB','1899-12-31 09:35:00'),('ct_194_1205',28,194,'SB','1899-12-31 09:40:00'),('ct_194_1206',27,194,'SB','1899-12-31 09:45:00'),('ct_194_1207',26,194,'SB','1899-12-31 09:52:00'),('ct_194_1208',25,194,'SB','1899-12-31 09:56:00'),('ct_194_1209',24,194,'SB','1899-12-31 10:01:00'),('ct_194_1210',23,194,'SB','1899-12-31 10:06:00'),('ct_194_1211',22,194,'SB','1899-12-31 10:10:00'),('ct_194_1212',21,194,'SB','1899-12-31 10:14:00'),('ct_194_1213',19,194,'SB','1899-12-31 10:21:00'),('ct_194_1214',18,194,'SB','1899-12-31 10:25:00'),('ct_194_1215',17,194,'SB','1899-12-31 10:30:00'),('ct_194_1216',16,194,'SB','1899-12-31 10:36:00'),('ct_194_1217',15,194,'SB','1899-12-31 10:41:00'),('ct_194_1218',14,194,'SB','1899-12-31 10:44:00'),('ct_194_1219',13,194,'SB','1899-12-31 10:49:00'),('ct_194_1220',12,194,'SB','1899-12-31 10:54:00'),('ct_194_1221',11,194,'SB','1899-12-31 10:59:00'),('ct_194_1222',10,194,'SB','1899-12-31 11:04:00'),('ct_194_1223',9,194,'SB','1899-12-31 11:10:00'),('ct_194_1224',7,194,'SB','1899-12-31 11:18:00'),('ct_194_1225',6,194,'SB','1899-12-31 11:23:00'),('ct_195_574',6,195,'NB','1899-12-31 08:43:00'),('ct_195_575',7,195,'NB','1899-12-31 08:50:00'),('ct_195_576',9,195,'NB','1899-12-31 08:56:00'),('ct_195_577',10,195,'NB','1899-12-31 09:02:00'),('ct_195_578',11,195,'NB','1899-12-31 09:06:00'),('ct_195_579',12,195,'NB','1899-12-31 09:12:00'),('ct_195_580',13,195,'NB','1899-12-31 09:16:00'),('ct_195_581',14,195,'NB','1899-12-31 09:20:00'),('ct_195_582',15,195,'NB','1899-12-31 09:25:00'),('ct_195_583',16,195,'NB','1899-12-31 09:29:00'),('ct_195_584',17,195,'NB','1899-12-31 09:35:00'),('ct_195_585',18,195,'NB','1899-12-31 09:40:00'),('ct_195_586',19,195,'NB','1899-12-31 09:43:00'),('ct_195_587',21,195,'NB','1899-12-31 09:51:00'),('ct_195_588',22,195,'NB','1899-12-31 09:56:00'),('ct_195_589',23,195,'NB','1899-12-31 09:59:00'),('ct_195_590',24,195,'NB','1899-12-31 10:05:00'),('ct_195_591',25,195,'NB','1899-12-31 10:10:00'),('ct_195_592',26,195,'NB','1899-12-31 10:14:00'),('ct_195_593',27,195,'NB','1899-12-31 10:21:00'),('ct_195_594',28,195,'NB','1899-12-31 10:27:00'),('ct_195_595',29,195,'NB','1899-12-31 10:32:00'),('ct_196_1226',29,196,'SB','1899-12-31 10:35:00'),('ct_196_1227',28,196,'SB','1899-12-31 10:40:00'),('ct_196_1228',27,196,'SB','1899-12-31 10:45:00'),('ct_196_1229',26,196,'SB','1899-12-31 10:52:00'),('ct_196_1230',25,196,'SB','1899-12-31 10:56:00'),('ct_196_1231',24,196,'SB','1899-12-31 11:00:00'),('ct_196_1232',23,196,'SB','1899-12-31 11:05:00'),('ct_196_1233',22,196,'SB','1899-12-31 11:09:00'),('ct_196_1234',21,196,'SB','1899-12-31 11:12:00'),('ct_196_1235',19,196,'SB','1899-12-31 11:19:00'),('ct_196_1236',18,196,'SB','1899-12-31 11:23:00'),('ct_196_1237',17,196,'SB','1899-12-31 11:27:00'),('ct_196_1238',16,196,'SB','1899-12-31 11:33:00'),('ct_196_1239',15,196,'SB','1899-12-31 11:37:00'),('ct_196_1240',14,196,'SB','1899-12-31 11:40:00'),('ct_196_1241',13,196,'SB','1899-12-31 11:45:00'),('ct_196_1242',12,196,'SB','1899-12-31 11:49:00'),('ct_196_1243',11,196,'SB','1899-12-31 11:54:00'),('ct_196_1244',10,196,'SB','1899-12-31 11:58:00'),('ct_196_1245',9,196,'SB','1899-12-31 00:04:00'),('ct_196_1246',7,196,'SB','1899-12-31 00:11:00'),('ct_197_596',6,197,'NB','1899-12-31 09:43:00'),('ct_197_597',7,197,'NB','1899-12-31 09:50:00'),('ct_197_598',9,197,'NB','1899-12-31 09:56:00'),('ct_197_599',10,197,'NB','1899-12-31 10:02:00'),('ct_197_600',11,197,'NB','1899-12-31 10:06:00'),('ct_197_601',12,197,'NB','1899-12-31 10:12:00'),('ct_197_602',13,197,'NB','1899-12-31 10:16:00'),('ct_197_603',14,197,'NB','1899-12-31 10:20:00'),('ct_197_604',15,197,'NB','1899-12-31 10:25:00'),('ct_197_605',16,197,'NB','1899-12-31 10:29:00'),('ct_197_606',17,197,'NB','1899-12-31 10:35:00'),('ct_197_607',18,197,'NB','1899-12-31 10:40:00'),('ct_197_608',19,197,'NB','1899-12-31 10:43:00'),('ct_197_609',21,197,'NB','1899-12-31 10:51:00'),('ct_197_610',22,197,'NB','1899-12-31 10:56:00'),('ct_197_611',23,197,'NB','1899-12-31 10:59:00'),('ct_197_612',24,197,'NB','1899-12-31 11:05:00'),('ct_197_613',25,197,'NB','1899-12-31 11:10:00'),('ct_197_614',26,197,'NB','1899-12-31 11:14:00'),('ct_197_615',27,197,'NB','1899-12-31 11:21:00'),('ct_197_616',28,197,'NB','1899-12-31 11:27:00'),('ct_197_617',29,197,'NB','1899-12-31 11:32:00'),('ct_197_618',7,197,'NB','1899-12-31 10:30:00'),('ct_197_619',9,197,'NB','1899-12-31 10:36:00'),('ct_197_620',10,197,'NB','1899-12-31 10:42:00'),('ct_197_621',11,197,'NB','1899-12-31 10:46:00'),('ct_197_622',12,197,'NB','1899-12-31 10:51:00'),('ct_197_623',13,197,'NB','1899-12-31 10:55:00'),('ct_197_624',14,197,'NB','1899-12-31 10:59:00'),('ct_197_625',15,197,'NB','1899-12-31 11:03:00'),('ct_197_626',16,197,'NB','1899-12-31 11:06:00'),('ct_197_627',17,197,'NB','1899-12-31 11:12:00'),('ct_197_628',18,197,'NB','1899-12-31 11:17:00'),('ct_197_629',19,197,'NB','1899-12-31 11:20:00'),('ct_197_630',21,197,'NB','1899-12-31 11:27:00'),('ct_197_631',22,197,'NB','1899-12-31 11:30:00'),('ct_197_632',23,197,'NB','1899-12-31 11:34:00'),('ct_197_633',24,197,'NB','1899-12-31 11:39:00'),('ct_197_634',25,197,'NB','1899-12-31 11:43:00'),('ct_197_635',26,197,'NB','1899-12-31 11:47:00'),('ct_197_636',27,197,'NB','1899-12-31 11:54:00'),('ct_197_637',28,197,'NB','1899-12-31 11:59:00'),('ct_197_638',29,197,'NB','1899-12-31 00:05:00'),('ct_198_1247',29,198,'SB','1899-12-31 00:05:00'),('ct_198_1248',28,198,'SB','1899-12-31 00:10:00'),('ct_198_1249',27,198,'SB','1899-12-31 00:15:00'),('ct_198_1250',26,198,'SB','1899-12-31 00:22:00'),('ct_198_1251',25,198,'SB','1899-12-31 00:26:00'),('ct_198_1252',24,198,'SB','1899-12-31 00:30:00'),('ct_198_1253',23,198,'SB','1899-12-31 00:35:00'),('ct_198_1254',22,198,'SB','1899-12-31 00:39:00'),('ct_198_1255',21,198,'SB','1899-12-31 00:42:00'),('ct_198_1256',19,198,'SB','1899-12-31 00:49:00'),('ct_198_1257',18,198,'SB','1899-12-31 00:53:00'),('ct_198_1258',17,198,'SB','1899-12-31 00:57:00'),('ct_198_1259',16,198,'SB','1899-12-31 01:03:00'),('ct_198_1260',15,198,'SB','1899-12-31 01:07:00'),('ct_198_1261',14,198,'SB','1899-12-31 01:10:00'),('ct_198_1262',13,198,'SB','1899-12-31 01:15:00'),('ct_198_1263',12,198,'SB','1899-12-31 01:19:00'),('ct_198_1264',11,198,'SB','1899-12-31 01:24:00'),('ct_198_1265',10,198,'SB','1899-12-31 01:28:00'),('ct_198_1266',9,198,'SB','1899-12-31 01:34:00'),('ct_198_1267',7,198,'SB','1899-12-31 01:41:00'),('ct_205_44',6,205,'NB','1899-12-31 05:47:00'),('ct_205_45',7,205,'NB','1899-12-31 05:54:00'),('ct_205_46',10,205,'NB','1899-12-31 06:04:00'),('ct_205_47',12,205,'NB','1899-12-31 06:12:00'),('ct_205_48',14,205,'NB','1899-12-31 06:19:00'),('ct_205_49',15,205,'NB','1899-12-31 06:24:00'),('ct_205_50',18,205,'NB','1899-12-31 06:33:00'),('ct_205_51',19,205,'NB','1899-12-31 06:36:00'),('ct_205_52',23,205,'NB','1899-12-31 06:45:00'),('ct_205_53',24,205,'NB','1899-12-31 06:51:00'),('ct_205_54',26,205,'NB','1899-12-31 06:58:00'),('ct_205_55',29,205,'NB','1899-12-31 07:11:00'),('ct_206_682',29,206,'SB','1899-12-31 06:00:00'),('ct_206_683',26,206,'SB','1899-12-31 06:13:00'),('ct_206_684',25,206,'SB','1899-12-31 06:17:00'),('ct_206_685',22,206,'SB','1899-12-31 06:27:00'),('ct_206_686',19,206,'SB','1899-12-31 06:34:00'),('ct_206_687',17,206,'SB','1899-12-31 06:40:00'),('ct_206_688',16,206,'SB','1899-12-31 06:46:00'),('ct_206_689',15,206,'SB','1899-12-31 06:51:00'),('ct_206_690',13,206,'SB','1899-12-31 06:57:00'),('ct_206_691',12,206,'SB','1899-12-31 07:02:00'),('ct_206_692',11,206,'SB','1899-12-31 07:08:00'),('ct_206_693',9,206,'SB','1899-12-31 07:16:00'),('ct_206_694',7,206,'SB','1899-12-31 07:25:00'),('ct_206_695',6,206,'SB','1899-12-31 07:30:00'),('ct_207_56',6,207,'NB','1899-12-31 06:00:00'),('ct_207_57',7,207,'NB','1899-12-31 06:07:00'),('ct_207_58',9,207,'NB','1899-12-31 06:13:00'),('ct_207_59',11,207,'NB','1899-12-31 06:22:00'),('ct_207_60',13,207,'NB','1899-12-31 06:28:00'),('ct_207_61',15,207,'NB','1899-12-31 06:36:00'),('ct_207_62',16,207,'NB','1899-12-31 06:39:00'),('ct_207_63',17,207,'NB','1899-12-31 06:46:00'),('ct_207_64',19,207,'NB','1899-12-31 06:52:00'),('ct_207_65',22,207,'NB','1899-12-31 07:00:00'),('ct_207_66',24,207,'NB','1899-12-31 07:07:00'),('ct_207_67',25,207,'NB','1899-12-31 07:12:00'),('ct_207_68',28,207,'NB','1899-12-31 07:24:00'),('ct_207_69',29,207,'NB','1899-12-31 07:30:00'),('ct_208_696',29,208,'SB','1899-12-31 06:12:00'),('ct_208_697',28,208,'SB','1899-12-31 06:18:00'),('ct_208_698',24,208,'SB','1899-12-31 06:33:00'),('ct_208_699',23,208,'SB','1899-12-31 06:39:00'),('ct_208_700',19,208,'SB','1899-12-31 06:47:00'),('ct_208_701',18,208,'SB','1899-12-31 06:51:00'),('ct_208_702',17,208,'SB','1899-12-31 06:56:00'),('ct_208_703',15,208,'SB','1899-12-31 07:04:00'),('ct_208_704',14,208,'SB','1899-12-31 07:08:00'),('ct_208_705',12,208,'SB','1899-12-31 07:15:00'),('ct_208_706',10,208,'SB','1899-12-31 07:23:00'),('ct_208_707',7,208,'SB','1899-12-31 07:33:00'),('ct_215_100',12,215,'NB','1899-12-31 07:12:00'),('ct_215_101',14,215,'NB','1899-12-31 07:19:00'),('ct_215_102',15,215,'NB','1899-12-31 07:24:00'),('ct_215_103',18,215,'NB','1899-12-31 07:33:00'),('ct_215_104',19,215,'NB','1899-12-31 07:36:00'),('ct_215_105',23,215,'NB','1899-12-31 07:45:00'),('ct_215_106',24,215,'NB','1899-12-31 07:51:00'),('ct_215_107',26,215,'NB','1899-12-31 07:58:00'),('ct_215_108',29,215,'NB','1899-12-31 08:11:00'),('ct_215_92',1,215,'NB','1899-12-31 06:03:00'),('ct_215_93',2,215,'NB','1899-12-31 06:12:00'),('ct_215_94',3,215,'NB','1899-12-31 06:18:00'),('ct_215_95',4,215,'NB','1899-12-31 06:34:00'),('ct_215_96',5,215,'NB','1899-12-31 06:40:00'),('ct_215_97',6,215,'NB','1899-12-31 06:47:00'),('ct_215_98',7,215,'NB','1899-12-31 06:54:00'),('ct_215_99',10,215,'NB','1899-12-31 07:04:00'),('ct_216_730',29,216,'SB','1899-12-31 07:00:00'),('ct_216_731',26,216,'SB','1899-12-31 07:13:00'),('ct_216_732',25,216,'SB','1899-12-31 07:17:00'),('ct_216_733',22,216,'SB','1899-12-31 07:26:00'),('ct_216_734',19,216,'SB','1899-12-31 07:33:00'),('ct_216_735',17,216,'SB','1899-12-31 07:40:00'),('ct_216_736',16,216,'SB','1899-12-31 07:46:00'),('ct_216_737',15,216,'SB','1899-12-31 07:50:00'),('ct_216_738',13,216,'SB','1899-12-31 07:56:00'),('ct_216_739',12,216,'SB','1899-12-31 08:01:00'),('ct_216_740',11,216,'SB','1899-12-31 08:08:00'),('ct_216_741',9,216,'SB','1899-12-31 08:15:00'),('ct_216_742',7,216,'SB','1899-12-31 08:22:00'),('ct_217_109',6,217,'NB','1899-12-31 06:58:00'),('ct_217_110',7,217,'NB','1899-12-31 07:07:00'),('ct_217_111',9,217,'NB','1899-12-31 07:13:00'),('ct_217_112',11,217,'NB','1899-12-31 07:22:00'),('ct_217_113',13,217,'NB','1899-12-31 07:28:00'),('ct_217_114',15,217,'NB','1899-12-31 07:36:00'),('ct_217_115',16,217,'NB','1899-12-31 07:39:00'),('ct_217_116',17,217,'NB','1899-12-31 07:46:00'),('ct_217_117',19,217,'NB','1899-12-31 07:52:00'),('ct_217_118',22,217,'NB','1899-12-31 08:00:00'),('ct_217_119',24,217,'NB','1899-12-31 08:07:00'),('ct_217_120',25,217,'NB','1899-12-31 08:12:00'),('ct_217_121',28,217,'NB','1899-12-31 08:24:00'),('ct_217_122',29,217,'NB','1899-12-31 08:30:00'),('ct_218_743',29,218,'SB','1899-12-31 07:12:00'),('ct_218_744',28,218,'SB','1899-12-31 07:18:00'),('ct_218_745',24,218,'SB','1899-12-31 07:33:00'),('ct_218_746',23,218,'SB','1899-12-31 07:39:00'),('ct_218_747',19,218,'SB','1899-12-31 07:47:00'),('ct_218_748',18,218,'SB','1899-12-31 07:51:00'),('ct_218_749',17,218,'SB','1899-12-31 07:56:00'),('ct_218_750',15,218,'SB','1899-12-31 08:04:00'),('ct_218_751',14,218,'SB','1899-12-31 08:08:00'),('ct_218_752',12,218,'SB','1899-12-31 08:16:00'),('ct_218_753',10,218,'SB','1899-12-31 08:23:00'),('ct_218_754',7,218,'SB','1899-12-31 08:35:00'),('ct_218_755',6,218,'SB','1899-12-31 08:40:00'),('ct_225_151',6,225,'NB','1899-12-31 07:47:00'),('ct_225_152',7,225,'NB','1899-12-31 07:54:00'),('ct_225_153',10,225,'NB','1899-12-31 08:04:00'),('ct_225_154',12,225,'NB','1899-12-31 08:12:00'),('ct_225_155',14,225,'NB','1899-12-31 08:19:00'),('ct_225_156',15,225,'NB','1899-12-31 08:24:00'),('ct_225_157',18,225,'NB','1899-12-31 08:33:00'),('ct_225_158',19,225,'NB','1899-12-31 08:36:00'),('ct_225_159',23,225,'NB','1899-12-31 08:45:00'),('ct_225_160',24,225,'NB','1899-12-31 08:51:00'),('ct_225_161',26,225,'NB','1899-12-31 08:58:00'),('ct_225_162',29,225,'NB','1899-12-31 09:11:00'),('ct_226_777',29,226,'SB','1899-12-31 08:00:00'),('ct_226_778',26,226,'SB','1899-12-31 08:13:00'),('ct_226_779',25,226,'SB','1899-12-31 08:17:00'),('ct_226_780',22,226,'SB','1899-12-31 08:26:00'),('ct_226_781',19,226,'SB','1899-12-31 08:33:00'),('ct_226_782',17,226,'SB','1899-12-31 08:40:00'),('ct_226_783',16,226,'SB','1899-12-31 08:46:00'),('ct_226_784',15,226,'SB','1899-12-31 08:50:00'),('ct_226_785',13,226,'SB','1899-12-31 08:56:00'),('ct_226_786',12,226,'SB','1899-12-31 09:01:00'),('ct_226_787',11,226,'SB','1899-12-31 09:08:00'),('ct_226_788',9,226,'SB','1899-12-31 09:15:00'),('ct_226_789',7,226,'SB','1899-12-31 09:22:00'),('ct_227_163',7,227,'NB','1899-12-31 08:07:00'),('ct_227_164',9,227,'NB','1899-12-31 08:13:00'),('ct_227_165',11,227,'NB','1899-12-31 08:22:00'),('ct_227_166',13,227,'NB','1899-12-31 08:28:00'),('ct_227_167',15,227,'NB','1899-12-31 08:36:00'),('ct_227_168',16,227,'NB','1899-12-31 08:39:00'),('ct_227_169',17,227,'NB','1899-12-31 08:46:00'),('ct_227_170',19,227,'NB','1899-12-31 08:52:00'),('ct_227_171',22,227,'NB','1899-12-31 09:00:00'),('ct_227_172',24,227,'NB','1899-12-31 09:07:00'),('ct_227_173',25,227,'NB','1899-12-31 09:12:00'),('ct_227_174',28,227,'NB','1899-12-31 09:24:00'),('ct_227_175',29,227,'NB','1899-12-31 09:30:00'),('ct_228_790',29,228,'SB','1899-12-31 08:12:00'),('ct_228_791',28,228,'SB','1899-12-31 08:18:00'),('ct_228_792',24,228,'SB','1899-12-31 08:33:00'),('ct_228_793',23,228,'SB','1899-12-31 08:39:00'),('ct_228_794',19,228,'SB','1899-12-31 08:47:00'),('ct_228_795',18,228,'SB','1899-12-31 08:51:00'),('ct_228_796',17,228,'SB','1899-12-31 08:56:00'),('ct_228_797',15,228,'SB','1899-12-31 09:04:00'),('ct_228_798',14,228,'SB','1899-12-31 09:08:00'),('ct_228_799',12,228,'SB','1899-12-31 09:16:00'),('ct_228_800',10,228,'SB','1899-12-31 09:23:00'),('ct_228_801',7,228,'SB','1899-12-31 09:34:00'),('ct_235_198',7,235,'NB','1899-12-31 08:54:00'),('ct_235_199',10,235,'NB','1899-12-31 09:04:00'),('ct_235_200',12,235,'NB','1899-12-31 09:12:00'),('ct_235_201',14,235,'NB','1899-12-31 09:19:00'),('ct_235_202',15,235,'NB','1899-12-31 09:24:00'),('ct_235_203',18,235,'NB','1899-12-31 09:33:00'),('ct_235_204',19,235,'NB','1899-12-31 09:36:00'),('ct_235_205',23,235,'NB','1899-12-31 09:45:00'),('ct_235_206',24,235,'NB','1899-12-31 09:51:00'),('ct_235_207',26,235,'NB','1899-12-31 09:58:00'),('ct_235_208',29,235,'NB','1899-12-31 10:11:00'),('ct_236_823',29,236,'SB','1899-12-31 09:12:00'),('ct_236_824',28,236,'SB','1899-12-31 09:18:00'),('ct_236_825',24,236,'SB','1899-12-31 09:33:00'),('ct_236_826',23,236,'SB','1899-12-31 09:40:00'),('ct_236_827',19,236,'SB','1899-12-31 09:50:00'),('ct_236_828',18,236,'SB','1899-12-31 09:54:00'),('ct_236_829',17,236,'SB','1899-12-31 09:59:00'),('ct_236_830',15,236,'SB','1899-12-31 10:08:00'),('ct_236_831',14,236,'SB','1899-12-31 10:12:00'),('ct_236_832',12,236,'SB','1899-12-31 10:20:00'),('ct_236_833',10,236,'SB','1899-12-31 10:28:00'),('ct_236_834',7,236,'SB','1899-12-31 10:40:00'),('ct_236_835',6,236,'SB','1899-12-31 10:45:00'),('ct_237_209',6,237,'NB','1899-12-31 09:00:00'),('ct_237_210',7,237,'NB','1899-12-31 09:07:00'),('ct_237_211',9,237,'NB','1899-12-31 09:13:00'),('ct_237_212',11,237,'NB','1899-12-31 09:22:00'),('ct_237_213',13,237,'NB','1899-12-31 09:28:00'),('ct_237_214',15,237,'NB','1899-12-31 09:36:00'),('ct_237_215',16,237,'NB','1899-12-31 09:39:00'),('ct_237_216',17,237,'NB','1899-12-31 09:46:00'),('ct_237_217',19,237,'NB','1899-12-31 09:52:00'),('ct_237_218',22,237,'NB','1899-12-31 10:00:00'),('ct_237_219',24,237,'NB','1899-12-31 10:07:00'),('ct_237_220',25,237,'NB','1899-12-31 10:12:00'),('ct_237_221',28,237,'NB','1899-12-31 10:24:00'),('ct_237_222',29,237,'NB','1899-12-31 10:29:00'),('ct_252_1000',12,252,'SB','1899-12-31 05:00:00'),('ct_252_1001',10,252,'SB','1899-12-31 05:09:00'),('ct_252_1002',7,252,'SB','1899-12-31 05:21:00'),('ct_252_1003',6,252,'SB','1899-12-31 05:26:00'),('ct_252_992',29,252,'SB','1899-12-31 03:55:00'),('ct_252_993',26,252,'SB','1899-12-31 04:08:00'),('ct_252_994',24,252,'SB','1899-12-31 04:17:00'),('ct_252_995',23,252,'SB','1899-12-31 04:24:00'),('ct_252_996',19,252,'SB','1899-12-31 04:35:00'),('ct_252_997',18,252,'SB','1899-12-31 04:38:00'),('ct_252_998',15,252,'SB','1899-12-31 04:48:00'),('ct_252_999',14,252,'SB','1899-12-31 04:53:00'),('ct_254_1004',29,254,'SB','1899-12-31 04:12:00'),('ct_254_1005',28,254,'SB','1899-12-31 04:18:00'),('ct_254_1006',25,254,'SB','1899-12-31 04:30:00'),('ct_254_1007',24,254,'SB','1899-12-31 04:35:00'),('ct_254_1008',22,254,'SB','1899-12-31 04:43:00'),('ct_254_1009',19,254,'SB','1899-12-31 04:50:00'),('ct_254_1010',17,254,'SB','1899-12-31 04:57:00'),('ct_254_1011',16,254,'SB','1899-12-31 05:03:00'),('ct_254_1012',15,254,'SB','1899-12-31 05:08:00'),('ct_254_1013',13,254,'SB','1899-12-31 05:14:00'),('ct_254_1014',11,254,'SB','1899-12-31 05:22:00'),('ct_254_1015',9,254,'SB','1899-12-31 05:30:00'),('ct_254_1016',7,254,'SB','1899-12-31 05:36:00'),('ct_261_393',6,261,'NB','1899-12-31 03:45:00'),('ct_261_394',7,261,'NB','1899-12-31 03:51:00'),('ct_261_395',9,261,'NB','1899-12-31 03:58:00'),('ct_261_396',11,261,'NB','1899-12-31 04:07:00'),('ct_261_397',13,261,'NB','1899-12-31 04:13:00'),('ct_261_398',15,261,'NB','1899-12-31 04:21:00'),('ct_261_399',16,261,'NB','1899-12-31 04:24:00'),('ct_261_400',19,261,'NB','1899-12-31 04:33:00'),('ct_261_401',22,261,'NB','1899-12-31 04:40:00'),('ct_261_402',24,261,'NB','1899-12-31 04:48:00'),('ct_261_403',25,261,'NB','1899-12-31 04:53:00'),('ct_261_404',26,261,'NB','1899-12-31 04:57:00'),('ct_261_405',29,261,'NB','1899-12-31 05:10:00'),('ct_262_1039',29,262,'SB','1899-12-31 05:00:00'),('ct_262_1040',26,262,'SB','1899-12-31 05:13:00'),('ct_262_1041',24,262,'SB','1899-12-31 05:20:00'),('ct_262_1042',23,262,'SB','1899-12-31 05:26:00'),('ct_262_1043',19,262,'SB','1899-12-31 05:35:00'),('ct_262_1044',18,262,'SB','1899-12-31 05:38:00'),('ct_262_1045',15,262,'SB','1899-12-31 05:49:00'),('ct_262_1046',14,262,'SB','1899-12-31 05:54:00'),('ct_262_1047',12,262,'SB','1899-12-31 06:02:00'),('ct_262_1048',10,262,'SB','1899-12-31 06:11:00'),('ct_262_1049',7,262,'SB','1899-12-31 06:24:00'),('ct_262_1050',6,262,'SB','1899-12-31 06:31:00'),('ct_262_1051',5,262,'SB','1899-12-31 06:39:00'),('ct_262_1052',4,262,'SB','1899-12-31 06:45:00'),('ct_262_1053',3,262,'SB','1899-12-31 06:58:00'),('ct_262_1054',2,262,'SB','1899-12-31 07:05:00'),('ct_262_1055',1,262,'SB','1899-12-31 07:18:00'),('ct_263_406',7,263,'NB','1899-12-31 04:07:00'),('ct_263_407',10,263,'NB','1899-12-31 04:17:00'),('ct_263_408',12,263,'NB','1899-12-31 04:25:00'),('ct_263_409',14,263,'NB','1899-12-31 04:32:00'),('ct_263_410',15,263,'NB','1899-12-31 04:37:00'),('ct_263_411',17,263,'NB','1899-12-31 04:44:00'),('ct_263_412',18,263,'NB','1899-12-31 04:49:00'),('ct_263_413',19,263,'NB','1899-12-31 04:53:00'),('ct_263_414',23,263,'NB','1899-12-31 05:02:00'),('ct_263_415',24,263,'NB','1899-12-31 05:08:00'),('ct_263_416',28,263,'NB','1899-12-31 05:24:00'),('ct_263_417',29,263,'NB','1899-12-31 05:29:00'),('ct_264_1056',29,264,'SB','1899-12-31 05:12:00'),('ct_264_1057',28,264,'SB','1899-12-31 05:18:00'),('ct_264_1058',25,264,'SB','1899-12-31 05:30:00'),('ct_264_1059',24,264,'SB','1899-12-31 05:35:00'),('ct_264_1060',22,264,'SB','1899-12-31 05:43:00'),('ct_264_1061',19,264,'SB','1899-12-31 05:50:00'),('ct_264_1062',17,264,'SB','1899-12-31 05:57:00'),('ct_264_1063',16,264,'SB','1899-12-31 06:03:00'),('ct_264_1064',15,264,'SB','1899-12-31 06:08:00'),('ct_264_1065',13,264,'SB','1899-12-31 06:14:00'),('ct_264_1066',11,264,'SB','1899-12-31 06:22:00'),('ct_264_1067',9,264,'SB','1899-12-31 06:30:00'),('ct_264_1068',7,264,'SB','1899-12-31 06:36:00'),('ct_271_439',6,271,'NB','1899-12-31 04:45:00'),('ct_271_440',7,271,'NB','1899-12-31 04:51:00'),('ct_271_441',9,271,'NB','1899-12-31 04:58:00'),('ct_271_442',11,271,'NB','1899-12-31 05:07:00'),('ct_271_443',13,271,'NB','1899-12-31 05:13:00'),('ct_271_444',15,271,'NB','1899-12-31 05:21:00'),('ct_271_445',16,271,'NB','1899-12-31 05:24:00'),('ct_271_446',19,271,'NB','1899-12-31 05:33:00'),('ct_271_447',22,271,'NB','1899-12-31 05:40:00'),('ct_271_448',24,271,'NB','1899-12-31 05:48:00'),('ct_271_449',25,271,'NB','1899-12-31 05:53:00'),('ct_271_450',26,271,'NB','1899-12-31 05:57:00'),('ct_271_451',29,271,'NB','1899-12-31 06:10:00'),('ct_272_1091',29,272,'SB','1899-12-31 06:00:00'),('ct_272_1092',26,272,'SB','1899-12-31 06:13:00'),('ct_272_1093',24,272,'SB','1899-12-31 06:20:00'),('ct_272_1094',23,272,'SB','1899-12-31 06:26:00'),('ct_272_1095',19,272,'SB','1899-12-31 06:35:00'),('ct_272_1096',18,272,'SB','1899-12-31 06:38:00'),('ct_272_1097',15,272,'SB','1899-12-31 06:48:00'),('ct_272_1098',14,272,'SB','1899-12-31 06:53:00'),('ct_272_1099',12,272,'SB','1899-12-31 07:00:00'),('ct_272_1100',10,272,'SB','1899-12-31 07:09:00'),('ct_272_1101',7,272,'SB','1899-12-31 07:19:00'),('ct_273_452',7,273,'NB','1899-12-31 05:07:00'),('ct_273_453',10,273,'NB','1899-12-31 05:17:00'),('ct_273_454',12,273,'NB','1899-12-31 05:25:00'),('ct_273_455',14,273,'NB','1899-12-31 05:32:00'),('ct_273_456',15,273,'NB','1899-12-31 05:37:00'),('ct_273_457',17,273,'NB','1899-12-31 05:44:00'),('ct_273_458',18,273,'NB','1899-12-31 05:49:00'),('ct_273_459',19,273,'NB','1899-12-31 05:53:00'),('ct_273_460',23,273,'NB','1899-12-31 06:02:00'),('ct_273_461',24,273,'NB','1899-12-31 06:08:00'),('ct_273_462',28,273,'NB','1899-12-31 06:24:00'),('ct_273_463',29,273,'NB','1899-12-31 06:29:00'),('ct_274_1102',29,274,'SB','1899-12-31 06:12:00'),('ct_274_1103',28,274,'SB','1899-12-31 06:18:00'),('ct_274_1104',25,274,'SB','1899-12-31 06:30:00'),('ct_274_1105',24,274,'SB','1899-12-31 06:35:00'),('ct_274_1106',22,274,'SB','1899-12-31 06:43:00'),('ct_274_1107',19,274,'SB','1899-12-31 06:50:00'),('ct_274_1108',17,274,'SB','1899-12-31 06:57:00'),('ct_274_1109',16,274,'SB','1899-12-31 07:03:00'),('ct_274_1110',15,274,'SB','1899-12-31 07:08:00'),('ct_274_1111',13,274,'SB','1899-12-31 07:14:00'),('ct_274_1112',11,274,'SB','1899-12-31 07:22:00'),('ct_274_1113',9,274,'SB','1899-12-31 07:30:00'),('ct_274_1114',7,274,'SB','1899-12-31 07:38:00'),('ct_274_1115',6,274,'SB','1899-12-31 07:43:00'),('ct_281_485',7,281,'NB','1899-12-31 05:52:00'),('ct_281_486',9,281,'NB','1899-12-31 05:58:00'),('ct_281_487',11,281,'NB','1899-12-31 06:07:00'),('ct_281_488',13,281,'NB','1899-12-31 06:13:00'),('ct_281_489',15,281,'NB','1899-12-31 06:21:00'),('ct_281_490',16,281,'NB','1899-12-31 06:24:00'),('ct_281_491',19,281,'NB','1899-12-31 06:33:00'),('ct_281_492',22,281,'NB','1899-12-31 06:41:00'),('ct_281_493',24,281,'NB','1899-12-31 06:48:00'),('ct_281_494',25,281,'NB','1899-12-31 06:53:00'),('ct_281_495',26,281,'NB','1899-12-31 06:57:00'),('ct_281_496',29,281,'NB','1899-12-31 07:11:00'),('ct_282_1137',29,282,'SB','1899-12-31 07:00:00'),('ct_282_1138',26,282,'SB','1899-12-31 07:13:00'),('ct_282_1139',24,282,'SB','1899-12-31 07:20:00'),('ct_282_1140',23,282,'SB','1899-12-31 07:26:00'),('ct_282_1141',19,282,'SB','1899-12-31 07:34:00'),('ct_282_1142',18,282,'SB','1899-12-31 07:38:00'),('ct_282_1143',15,282,'SB','1899-12-31 07:48:00'),('ct_282_1144',14,282,'SB','1899-12-31 07:52:00'),('ct_282_1145',12,282,'SB','1899-12-31 07:59:00'),('ct_282_1146',10,282,'SB','1899-12-31 08:07:00'),('ct_282_1147',7,282,'SB','1899-12-31 08:17:00'),('ct_283_497',6,283,'NB','1899-12-31 06:00:00'),('ct_283_498',7,283,'NB','1899-12-31 06:07:00'),('ct_283_499',10,283,'NB','1899-12-31 06:17:00'),('ct_283_500',12,283,'NB','1899-12-31 06:25:00'),('ct_283_501',14,283,'NB','1899-12-31 06:32:00'),('ct_283_502',15,283,'NB','1899-12-31 06:37:00'),('ct_283_503',17,283,'NB','1899-12-31 06:44:00'),('ct_283_504',18,283,'NB','1899-12-31 06:49:00'),('ct_283_505',19,283,'NB','1899-12-31 06:53:00'),('ct_283_506',23,283,'NB','1899-12-31 07:02:00'),('ct_283_507',24,283,'NB','1899-12-31 07:08:00'),('ct_283_508',28,283,'NB','1899-12-31 07:24:00'),('ct_283_509',29,283,'NB','1899-12-31 07:29:00'),('ct_284_1148',29,284,'SB','1899-12-31 07:12:00'),('ct_284_1149',28,284,'SB','1899-12-31 07:18:00'),('ct_284_1150',25,284,'SB','1899-12-31 07:30:00'),('ct_284_1151',24,284,'SB','1899-12-31 07:36:00'),('ct_284_1152',22,284,'SB','1899-12-31 07:43:00'),('ct_284_1153',19,284,'SB','1899-12-31 07:50:00'),('ct_284_1154',17,284,'SB','1899-12-31 07:56:00'),('ct_284_1155',16,284,'SB','1899-12-31 08:02:00'),('ct_284_1156',15,284,'SB','1899-12-31 08:07:00'),('ct_284_1157',13,284,'SB','1899-12-31 08:13:00'),('ct_284_1158',11,284,'SB','1899-12-31 08:21:00'),('ct_284_1159',9,284,'SB','1899-12-31 08:29:00'),('ct_284_1160',7,284,'SB','1899-12-31 08:35:00');
/*!40000 ALTER TABLE `train_schedule` ENABLE KEYS */;
UNLOCK TABLES;
/*!40103 SET TIME_ZONE=@OLD_TIME_ZONE */;

/*!40101 SET SQL_MODE=@OLD_SQL_MODE */;
/*!40014 SET FOREIGN_KEY_CHECKS=@OLD_FOREIGN_KEY_CHECKS */;
/*!40014 SET UNIQUE_CHECKS=@OLD_UNIQUE_CHECKS */;
/*!40101 SET CHARACTER_SET_CLIENT=@OLD_CHARACTER_SET_CLIENT */;
/*!40101 SET CHARACTER_SET_RESULTS=@OLD_CHARACTER_SET_RESULTS */;
/*!40101 SET COLLATION_CONNECTION=@OLD_COLLATION_CONNECTION */;
/*!40111 SET SQL_NOTES=@OLD_SQL_NOTES */;

-- Dump completed on 2020-11-09 22:44:38
